source_index,target_term,target_domain,distractor_domain,answer,option_A,option_B,option_C,option_D,option_E
1,감염병특별관리지역,보건 일반,정치,C,인태대화,비례신당,감염병특별관리지역,안보삼각형,비례연합당
2,거스름돈계좌적립서비스,경제,지구,E,합성가뭄지수,기후테크,안트로포퀴나스,국립지질유산센터,거스름돈계좌적립서비스
3,격리생활시설,보건 일반,동물,C,호랑무늬딱총새우,푼타데바카스잎귀쥐,격리생활시설,유럽녹색꽃게,익티오티탄세베르넨시스
4,공공선별진료소,보건 일반,전기ᆞ전자,C,자기토커,엑사전자볼트,공공선별진료소,광자력계,으뜸효율가전
5,공공재정환수제도,행정,환경,E,기후보상금,통합수질지수,기후기술허브,국제메탄서약,공공재정환수제도
6,공동주택사육허가제,행정,경영,E,녹색위장행위,완전전자주주총회,태그니티마케팅,리파운더,공동주택사육허가제
7,공익기능증진직불금,행정,의학,C,수리감염역학,이동선별진료,공익기능증진직불금,비침습연속혈당진단기,국가치료격리병상
8,공익기능증진직불제,행정,교육,A,공익기능증진직불제,이음연령,군졸교과서,계약정원제,교육회복추진단
9,공적마스크,행정,기계,C,자율방역로봇,근육옷감,공적마스크,자석발,유도슈트
10,공적마스크제도,행정,복지,E,영아피난제도,아이돌봄쿠폰,재난생계수당,재난극복수당,공적마스크제도
11,공적판매처,행정,복지,A,공적판매처,아동양육쿠폰,예술활동준비금,재난극복수당,긴급돌봄제도
12,교육재난지원금,복지,사회 일반,A,교육재난지원금,검당유착,유급휴재,고용평등임금공시제,신바벨시대
13,국가돌봄병원,의학,전기ᆞ전자,C,엑사전자볼트,자기토커,국가돌봄병원,으뜸효율가전,회생저항장치
14,국가연구개발혁신법,법률,교육,D,학교폭력전담조사관,이음연령,학부모안심학년,국가연구개발혁신법,학교폭력전담조사관제
15,국민내일배움카드,복지,정보ᆞ통신,A,국민내일배움카드,유스앱,여객자동차운송플랫폼,자서망,인체인터넷
16,국민안심마스크,보건 일반,교육,E,교육회복추진단,군졸교과서,학부모안심학년,계약정원제,국민안심마스크
17,그린스완,경제,음악,C,플러그엔비,새드팝,그린스완,케이인니팝,밀보드차트
18,금융안정특별대출제도,경제,정보ᆞ통신,C,비디오언어모델,양자난수생성기술,금융안정특별대출제도,인체인터넷,푸드큐아르코드
19,금융투자소득세,경제,물리,C,교자성체,음향집게,금융투자소득세,세미브리더,교자성
20,기간안정산업기금,경제,의학,C,거점접종센터,면역대리지표,기간안정산업기금,에바스증후군,희소비만증
21,기간산업기금,경제,천문,C,국가우주정책연구센터,다누리호,기간산업기금,피코플레어제트,피코플레어
22,기간산업안정기금,경제,물리,C,교자성체,음향집게,기간산업안정기금,세미브리더,교자성
23,기간산업안정자금,경제,천문,E,피코플레어,국가우주산업벨트,피코플레어제트,무인탐사헬기,기간산업안정자금
24,기간산업지원금,경제,법률,C,금리폭리방지법,도심복합개발특별법,기간산업지원금,재난시기상가임대료감면법,중처법
25,기본재난소득,복지,산업 일반,A,기본재난소득,국가첨단전략산업,국가전략기술제품,국가첨단전략기술,고소절연작업차
26,기본재난지원금,복지,행정,E,공적판매처,공익기능증진직불제,우유사무관,선금특례제,기본재난지원금
27,기부금특별법,법률,교육,B,학교폭력전담조사관제,기부금특별법,평생학습휴직제,학부모안심학년제,학교폭력전담조사관
28,기안기금채권,경제,법률,E,교육자유특구법,환형유치율,중수청법,테무차단법,기안기금채권
29,기업구호긴급자금,경제,경영,B,완전전자주주총회,기업구호긴급자금,태그니티마케팅,녹색위장행위,리파운더
30,긴급고용안정자금,복지,사회 일반,A,긴급고용안정자금,성범죄백서,레이어드홈,당평세대,갓무직
31,긴급고용안정지원금,복지,산업 일반,D,국가전략기술제품,국가첨단전략기술,고소절연작업차,긴급고용안정지원금,국가첨단전략산업
32,긴급고용유지지원금,복지,행정,C,권역의사인력뱅크,공익기능증진직불제,긴급고용유지지원금,의무공공기여,고특회계
33,긴급고용지원금,복지,군사,D,위기관리참모훈련,전략장거리포,통합무기작전,긴급고용지원금,원격사격무기통제체계
34,긴급돌봄제도,복지,전기ᆞ전자,B,엑사전자볼트,긴급돌봄제도,회생저항장치,으뜸효율가전,자기토커
35,긴급돌봄지원단,복지,지구,A,긴급돌봄지원단,암석플라스틱,합성가뭄지수,국립지질유산센터,안트로포퀴나스
36,긴급돌봄학교,복지,환경,E,국제메탄서약,아기기후소송,녹녹갈등,통합수질지수,긴급돌봄학교
37,긴급민생지원금,복지,교통,A,긴급민생지원금,국가지도통신차량,무진동항온항습차,녹색항로,국가지도차량
38,긴급생계수당,복지,정보ᆞ통신,D,여객자동차운송플랫폼,파이브지위성다중연결망,예측범죄지도,긴급생계수당,블랙키워드
39,긴급생존자금,복지,물리,A,긴급생존자금,음향집게,세미브리더,교자성체,교자성
40,긴급재난기본소득,복지,물리,E,교자성체,음향집게,세미브리더,교자성,긴급재난기본소득
41,긴급재난기부금,복지,정치,B,안보삼각형,긴급재난기부금,비례위성당,인태대화,개발워싱
42,긴급재난생계지원자금,복지,교육,E,채식선택제,평생학습휴직제,학부모안심학년,표준학급수,긴급재난생계지원자금
43,긴급재난생계지원금,복지,산업 일반,E,국가전략기술제품,국가첨단전략산업,국가첨단전략기술,고소절연작업차,긴급재난생계지원금
44,긴급재난생계비,복지,지구,C,암석플라스틱,안트로포퀴나스,긴급재난생계비,기후테크,국립지질유산센터
45,긴급재난생활지원금,복지,군사,B,위기관리참모훈련,긴급재난생활지원금,전략장거리포,원격사격무기통제체계,통합무기작전
46,긴급재난생활비,복지,천문,A,긴급재난생활비,다누리호,피코플레어제트,피코플레어,무인탐사헬기
47,긴급재난소득,복지,법률,D,전월세금지법,테무차단법,위기임신보호출산법,긴급재난소득,집단항명수괴죄
48,긴급재난수당,복지,사회 일반,A,긴급재난수당,퀴어슬람,유리세대,록다운세대,포토프레스세대
49,긴급재난지원소득,복지,건설,D,졸리컷,공간결정론,해오름권광역자족거점,긴급재난지원소득,재해우려주택
50,긴급재난금,복지,복식,D,워터밤룩,젠더플루이드패션,스키코어룩,긴급재난금,키드코어룩
51,긴급청년수당,복지,물리,A,긴급청년수당,교자성,음향집게,세미브리더,교자성체
52,꾸안꾸룩,복식,경제,A,꾸안꾸룩,코비드플레이션,종합지급결제업자,자금이동추적시스템,신뢰가치사슬
53,녹녹갈등,환경,보건 일반,A,녹녹갈등,생활방역체제,혼합검체기법,비말환자,백신휴가제도
54,도슨트북,예체능 일반,정치,B,인태대화,도슨트북,문화워싱,연개특위,비례위성당
55,드라이브스루선별진료소,보건 일반,법률,A,드라이브스루선별진료소,강제매수법,검수완박법,일가구일주택법,예타완박법
56,마스크공적판매처,보건 일반,생명,E,디시브레인,열대림생태학,접시뇌,원형알엔에이,마스크공적판매처
57,마스크오부제,보건 일반,경제,D,세금멈춤법,이플레이션,주가꿈비율,마스크오부제,탄소조정세
58,마스크의무제,보건 일반,서비스업,A,마스크의무제,플랫폼운수사업,펫시터중개업,플랫폼운수사업자,플랫폼운송면허
59,몰수보호시설,법률,서비스업,E,플랫폼운송면허,플랫폼운수사업자,플랫폼운수사업,플랫폼운송중개사업,몰수보호시설
60,무인적조관측시스템,환경,군사,A,무인적조관측시스템,위기관리참모훈련,전략장거리포,원격사격무기통제체계,통합무기작전
61,미세먼지계절관리제,법률,환경,A,미세먼지계절관리제,그린래시,지구열대화,기후행동지수,아기기후소송
62,베어마겟돈,경제,환경,B,그린래시,베어마겟돈,층간소음사후인증제,탄소중립시민회의,대기정체지수
63,비화이트국,경제,천문,D,국가우주정책연구센터,킥스테이지,피코플레어제트,비화이트국,국가우주산업벨트
64,비례신당,정치,동물,E,푼타데바카스잎귀쥐,플레우로시스티티드,토마토뿔나방,익티오티탄세베르넨시스,비례신당
65,비례연합공천,정치,음악,B,플러그엔비,비례연합공천,새드팝,케이인니팝,밀보드차트
66,비례연합정당,정치,환경,A,비례연합정당,층간소음사후인증제,지구열대화,녹녹갈등,기후보상금
67,비례연합당,정치,음악,C,플러그엔비,새드팝,비례연합당,케이인니팝,밀보드차트
68,비례위성정당,정치,보건 일반,D,백신휴가제도,선별문진표,트윈데믹,비례위성정당,필수의료패키지
69,비례위성당,정치,경제,E,브이노믹스,탐욕플레이션,웨딩플레이션,금융복합기업집단,비례위성당
70,비례자매정당,정치,기계,B,전자성능추적시스템,비례자매정당,신호처리박스,자석발,자율방역로봇
71,비례전문정당,정치,생명,E,디시브레인,행동후성유전학,열대림생태학,원형알엔에이,비례전문정당
72,비말마스크,보건 일반,기계,B,근육옷감,비말마스크,약제배송로봇,유도슈트,전자성능추적시스템
73,비말차단마스크,보건 일반,전기ᆞ전자,B,자기토커,비말차단마스크,회생저항장치,광자력계,엑사전자볼트
74,비말차단용마스크,보건 일반,환경,B,녹녹갈등,비말차단용마스크,기후영향사업,국제메탄서약,글로벌스톡테이크
75,비백색국가,경제,교육,E,폐교장려금,학부모안심학년제,이음연령,표준학급수,비백색국가
76,비화이트리스트,경제,전기ᆞ전자,D,엑사전자볼트,으뜸효율가전,광자력계,비화이트리스트,자기토커
77,사스코로나바이러스이,보건 일반,건설,B,재해취약주택,사스코로나바이러스이,해오름권광역자족거점,공간결정론,쿠키컷
78,사전환자분류소,보건 일반,산업 일반,A,사전환자분류소,국가전략기술제품,국가첨단전략기술,고소절연작업차,국가첨단전략산업
79,사회진입활동비,경제,복식,A,사회진입활동비,그랜파코어,워크레져패션,블록코어룩,발레코어
80,상거래신용등급,경제,복식,A,상거래신용등급,그랜파코어룩,가상세계패션,꾸안꾸룩,젠더플루이드패션
81,상생특별보증,경제,복식,E,스키코어,동탄미시룩,대디핏,블록코어룩,상생특별보증
82,생활방역수칙,보건 일반,행정,A,생활방역수칙,클린임대인제도,긴급벌채제도,안심임대인인증서,지방소멸대응기금
83,생활방역시스템,보건 일반,생명,A,생활방역시스템,행동후성유전학,원형알엔에이,디시브레인,열대림생태학
84,생활방역체계,보건 일반,서비스업,A,생활방역체계,플랫폼운송중개사업,플랫폼운수사업자,해양레저호텔,플랫폼운송면허
85,생활방역체제,보건 일반,물리,C,교자성체,세미브리더,생활방역체제,음향집게,교자성
86,생활속거리두기,보건 일반,기계,C,유도슈트,신호처리박스,생활속거리두기,자석발,자율방역로봇
87,생활치료센터,보건 일반,법률,E,국가첨단전략산업법,검찰정상화법,기초학술기본법,전월세금지법,생활치료센터
88,생활치료시설,보건 일반,경영,E,태그니티마케팅,리파운더,완전전자주주총회,녹색위장행위,생활치료시설
89,선별검사센터,보건 일반,서비스업,E,플랫폼운송중개사업,펫시터중개업,플랫폼운수사업,해양레저호텔,선별검사센터
90,선별문진표,보건 일반,경제,E,국고만능론,세대균형지표,포괄소득화,세계구매자지수,선별문진표
91,성범죄백서,사회 일반,경제,A,성범죄백서,청정경제협정,종합지급결제업,공공매입약정,압축소멸
92,세계보건안전지수,보건 일반,생명,D,원형알엔에이,행동후성유전학,열대림생태학,세계보건안전지수,접시뇌
93,세대균형지표,경제,환경,C,탄소중립시민회의,지구열대화,세대균형지표,통합수질지수,기후인지예산제
94,세미브리더,물리,군사,D,원격사격무기통제체계,위기관리참모훈련,통합무기작전,세미브리더,전략장거리포
95,소방직무제,행정,지구,B,합성가뭄지수,소방직무제,기후테크,안트로포퀴나스,암석플라스틱
96,소부장산업,경제,의학,D,면역대리지표,낙수과,거점전담병원의무지정기한,소부장산업,근원환자
97,소부장특별법,법률,보건 일반,E,전자예방접종증명서,재택치료키트,신속방문검사,혼합검사법,소부장특별법
98,소재부품장비산업특별법,법률,천문,D,다누리호,피코플레어제트,국가우주정책연구센터,소재부품장비산업특별법,킥스테이지
99,손실배수,경제,산업 일반,E,국가전략기술제품,고소절연작업차,국가첨단전략산업,국가첨단전략기술,손실배수
100,수리감염역학,의학,환경,B,무인적조관측시스템,수리감염역학,탄소중립시민회의,기후영향사업,층간소음사후인증제
101,수사심사관,행정,의학,E,반강성고정술,낙수과,자기공명탄성검사,푹스디스트로피,수사심사관
102,수사심사관제,행정,보건 일반,A,수사심사관제,그린패스,선별검사센터,생활방역수칙,필수의료패키지
103,수소사회형성법안,법률,보건 일반,D,드라이브스루선별진료소,백신휴가제도,초저온회복처치기,수소사회형성법안,비말환자
104,수출심사우대국,경제,복식,E,오피스코어룩,뉴머니룩,할미룩,키드코어,수출심사우대국
105,수출우대국,경제,동물,D,제주남방밤달팽이,푼타데바카스잎귀쥐,토마토뿔나방,수출우대국,호랑무늬딱총새우
106,승차진료소,보건 일반,의학,D,거점전담병원의무지정기한,수정체낭절개술,비침습연속혈당진단기,승차진료소,주간수술유닛
107,신속통로제,행정,지구,C,국립지질유산센터,안트로포퀴나스,신속통로제,암석플라스틱,기후테크
108,신종코로나감염증,보건 일반,교육,A,신종코로나감염증,군졸교과서,학부모안심학년,채식선택제,이음연령
109,신종코로나바이러스감염증,보건 일반,산업 일반,B,국가전략기술제품,신종코로나바이러스감염증,고소절연작업차,국가첨단전략산업,국가첨단전략기술
110,실종아동주간,사회 일반,정보ᆞ통신,A,실종아동주간,호모프롬프트,갈고리즘,파이브지위성다중연결망,다중궤도위성
111,실효이자비용,경제,건설,A,실효이자비용,쿠키컷,재해우려주택,공간결정론,재해취약주택
112,아동돌봄쿠폰,복지,의학,B,슈퍼면역자,아동돌봄쿠폰,주간수술유닛,연쇄상구균독성쇼크증후군,전정수도관확장증후군
113,아동양육쿠폰,복지,전기ᆞ전자,A,아동양육쿠폰,엑사전자볼트,으뜸효율가전,회생저항장치,광자력계
114,아이돌봄쿠폰,복지,사회 일반,C,기후민감계층,국민우수제안협의체,아이돌봄쿠폰,육아친화주택,한계근로빈곤층
115,아이돌봄포인트,복지,교육,C,군졸교과서,학부모안심학년,아이돌봄포인트,평생학습휴직제,이학습터
116,안보삼각형,정치,물리,A,안보삼각형,세미브리더,교자성,음향집게,교자성체
117,안심외래진료소,보건 일반,의학,B,이동선별진료,안심외래진료소,근원환자,수리감염역학,티모시증후군
118,약물치유법원,법률,산업 일반,C,국가전략기술제품,국가첨단전략산업,약물치유법원,국가첨단전략기술,고소절연작업차
119,양육쿠폰,복지,보건 일반,C,혼합검체기법,백신디바이드,양육쿠폰,마스크의무제,레지던스트랙
120,어선원보험법,법률,전기ᆞ전자,B,광자력계,어선원보험법,회생저항장치,으뜸효율가전,자기토커
121,여객자동차운송플랫폼,정보ᆞ통신,생명,B,원형알엔에이,여객자동차운송플랫폼,행동후성유전학,디시브레인,열대림생태학
122,연락제한요청권,법률,생명,A,연락제한요청권,접시뇌,디시브레인,원형알엔에이,열대림생태학
123,워라밸일자리장려금,복지,천문,C,국가우주정책연구센터,다누리호,워라밸일자리장려금,국가우주산업벨트,피코플레어제트
124,위기극복수당,복지,사회 일반,D,한국멸시론자,기근바이러스,교권미투,위기극복수당,잘파세대
125,위기관리참모훈련,군사,정보ᆞ통신,A,위기관리참모훈련,안티스티어링,범용일반인공지능,비전파운데이션모델,푸드큐아르코드
126,위성비례정당,정치,지구,C,암석플라스틱,국립지질유산센터,위성비례정당,안트로포퀴나스,기후테크
127,위험유포지수,경제,행정,C,의무공공기여,공적마스크제도,위험유포지수,수사심사관,사전위탁보호제
128,위험행상지수,경제,의학,A,위험행상지수,면역대리지표,푹스디스트로피,에바스증후군,도제담낭
129,으뜸효율가전,전기ᆞ전자,행정,E,합가보류,소방직무제,고등평생교육특별회계,학대정책계,으뜸효율가전
130,음향집게,물리,의학,E,도제담낭,슈퍼면역자,췌도부전증,이동선별진료,음향집게
131,이학습터,교육,생명,D,접시뇌,원형알엔에이,열대림생태학,이학습터,행동후성유전학
132,이동선별진료,의학,생명,E,행동후성유전학,디시브레인,접시뇌,원형알엔에이,이동선별진료
133,이동선별진료소,보건 일반,정치,E,비례위성정당,비례연합공천,청와대해체론,비례연합당,이동선별진료소
134,이링기아,동식물,교육,A,이링기아,학부모안심학년제,계약정원제,평생학습휴직제,학부모안심학년
135,임금직무정보시스템,행정,의학,E,낙수과,빗살모공,거점전담병원의무지정기한,자기공명탄성검사,임금직무정보시스템
136,자본심화지수,경제,법률,C,케이칩스법,소부장특별법,자본심화지수,재난시기상가임대료감면법,규제심판제
137,잔돈계좌적립서비스,경제,교통,C,메타모빌리티,액화수소열차,잔돈계좌적립서비스,녹색항로,항로표지식별장치
138,재난구조수당,복지,경제,B,비화이트국,재난구조수당,기간산업기금,탄소중립직불제,우먼버핏
139,재난극복수당,복지,경제,B,임대료멈춤법,재난극복수당,칩플레이션,증빙어음,연금개미
140,재난기본소득,복지,물리,E,음향집게,세미브리더,교자성체,교자성,재난기본소득
141,재난기본소득제,복지,복식,E,발레코어,젠더플루이드패션,동탄룩,워터밤룩,재난기본소득제
142,재난긴급생활지원금,복지,교통,B,국가지도차량,재난긴급생활지원금,녹색해운항로,액화수소열차,녹색항로
143,재난긴급생활비,복지,생명,B,접시뇌,재난긴급생활비,행동후성유전학,열대림생태학,디시브레인
144,재난긴급소득지원제도,복지,경영,C,완전전자주주총회,녹색위장행위,재난긴급소득지원제도,태그니티마케팅,리파운더
145,재난생계소득,복지,보건 일반,A,재난생계소득,비말마스크,재택키트,생활방역체제,생활치료센터
146,재난생계수당,복지,생명,A,재난생계수당,원형알엔에이,디시브레인,행동후성유전학,접시뇌
147,재난생계지원금,복지,동물,D,푼타데바카스잎귀쥐,제주남방밤달팽이,토마토뿔나방,재난생계지원금,호랑무늬딱총새우
148,재난생계비,복지,보건 일반,D,필수의료패키지,코로나일구,생활치료시설,재난생계비,백신디바이드
149,재난생활안정자금,복지,경제,D,명절테크,일저우일저,위험유포지수,재난생활안정자금,갭코노미
150,재난생활지원금,복지,지구,E,안트로포퀴나스,기후테크,국립지질유산센터,암석플라스틱,재난생활지원금
151,재난생활비,복지,복식,C,릴렉스코지룩,동탄룩,재난생활비,뉴머니룩,할미룩
152,재난소득기금,복지,복식,B,오피스코어룩,재난소득기금,할미룩,대디핏,코티지코어룩
153,재난수당,복지,정보ᆞ통신,C,갈고리즘,생성형에이아이,재난수당,블랙키워드,양자난수생성기술
154,재량간주시간근로제,행정,교통,E,녹색해운항로,무진동항온항습차,국가지도차량,녹색항로,재량간주시간근로제
155,재양성자,보건 일반,사회 일반,A,재양성자,보더리스족,평균실종,닭피부모,신바벨시대
156,전자보석제도,법률,환경,D,글로벌메탄서약,무인적조관측시스템,통합수질지수,전자보석제도,지구열대화
157,전자수행추적시스템,체육,물리,A,전자수행추적시스템,교자성,교자성체,음향집게,세미브리더
158,종합지급결제사업,경제,동물,D,제주남방밤달팽이,푼타데바카스잎귀쥐,호랑무늬딱총새우,종합지급결제사업,유럽녹색꽃게
159,종합지급결제사업자,경제,음악,D,케이인니팝,밀보드차트,플러그엔비,종합지급결제사업자,새드팝
160,종합지급결제업,경제,보건 일반,D,혼합검체기법,이동선별진료소,코로나일구,종합지급결제업,생활속거리두기
161,종합지급결제업자,경제,행정,A,종합지급결제업자,수사심사관,임금직무정보시스템,지역소멸대응기금,국가데이터혁신지구
162,집중감염원,보건 일반,경제,D,기간안정산업기금,기업구호긴급자금,상대적불평등지수,집중감염원,잼테크
163,집중사냥지역,수의,의학,D,자기공명탄성검사,낙수과,슈퍼면역자,집중사냥지역,비침습연속혈당진단기
164,차령공제율,행정,보건 일반,E,선별문진표,코로나극복국민참여방역운동본부,방역신뢰국,집단면역가설,차령공제율
165,채식선택제,교육,산업 일반,C,고소절연작업차,국가첨단전략산업,채식선택제,국가전략기술제품,국가첨단전략기술
166,책값반환제,행정,환경,A,책값반환제,통합수질지수,그린래시,기후영향사업,국제메탄서약
167,청년긴급수당,복지,행정,E,선금특례제,동물특별사법경찰관,수사심사관제,행정카르텔,청년긴급수당
168,취합검사기법,보건 일반,군사,A,취합검사기법,전략장거리포,통합무기작전,원격사격무기통제체계,위기관리참모훈련
169,취합검사법,보건 일반,지구,C,안트로포퀴나스,국립지질유산센터,취합검사법,암석플라스틱,합성가뭄지수
170,코로나일구,보건 일반,생명,D,원형알엔에이,디시브레인,접시뇌,코로나일구,행동후성유전학
171,코로나바이러스감염증일구,보건 일반,생명,E,열대림생태학,디시브레인,행동후성유전학,접시뇌,코로나바이러스감염증일구
172,코비드일구,보건 일반,생명,B,행동후성유전학,코비드일구,원형알엔에이,열대림생태학,디시브레인
173,펫시터중개업,서비스업,경영,C,녹색위장행위,태그니티마케팅,펫시터중개업,완전전자주주총회,리파운더
174,플랫폼운송면허,서비스업,천문,A,플랫폼운송면허,킥스테이지,다누리호,국가우주산업벨트,피코플레어제트
175,플랫폼운송중개사업,서비스업,사회 일반,D,퀴어슬람,평균실종,록다운세대,플랫폼운송중개사업,레이블링게임
176,플랫폼운수사업,서비스업,법률,B,개식용종식특별법,플랫폼운수사업,철도지하화통합개발법,코로나손실보상법,조력존엄사법
177,플랫폼운수사업자,서비스업,전기ᆞ전자,D,회생저항장치,자기토커,엑사전자볼트,플랫폼운수사업자,광자력계
178,핀셋방역,보건 일반,정치,D,탄핵만능주의자,탄핵만능주의,덧보고,핀셋방역,비례위성정당
179,학부모안심학년,교육,음악,A,학부모안심학년,밀보드차트,새드팝,플러그엔비,케이인니팝
180,학부모안심학년제,교육,동물,D,익티오티탄세베르넨시스,플레우로시스티티드,유럽녹색꽃게,학부모안심학년제,호랑무늬딱총새우
181,혼합검사법,보건 일반,지구,C,합성가뭄지수,국립지질유산센터,혼합검사법,암석플라스틱,안트로포퀴나스
182,혼합검체기법,보건 일반,행정,A,혼합검체기법,고등직업교육거점지구지원사업,공익기능증진직불금,지방소멸대응기금,플랫폼분쟁조정위
183,가덕도신공항건설을위한특별법,법률,환경,A,가덕도신공항건설을위한특별법,대기정체지수,글로벌스톡테이크,아기기후소송,배터리환경성계수
184,가덕도특별법,법률,생명,B,행동후성유전학,가덕도특별법,원형알엔에이,열대림생태학,접시뇌
185,가상자산업법,법률,물리,D,세미브리더,음향집게,교자성,가상자산업법,교자성체
186,가족돌봄휴가연장법,법률,보건 일반,B,선별검사센터,가족돌봄휴가연장법,코비드일구,비말차단용마스크,중앙예방접종센터
187,감마변이,보건 일반,동물,D,유럽녹색꽃게,토마토뿔나방,호랑무늬딱총새우,감마변이,제주남방밤달팽이
188,감염병전담요양병원,의학,동물,E,제주남방밤달팽이,토마토뿔나방,익티오티탄세베르넨시스,유럽녹색꽃게,감염병전담요양병원
189,개인대주제도,경제,군사,B,위기관리참모훈련,개인대주제도,통합무기작전,원격사격무기통제체계,전략장거리포
190,갭코노미,경제,교육,C,교육회복추진단,이학습터,갭코노미,학부모안심학년제,학부모안심학년
191,거점전담병원의무지정기한,의학,동물,C,제주남방밤달팽이,유럽녹색꽃게,거점전담병원의무지정기한,익티오티탄세베르넨시스,플레우로시스티티드
192,거점접종센터,의학,생명,B,접시뇌,거점접종센터,원형알엔에이,디시브레인,행동후성유전학
193,건강생활실천지원금제,보건 일반,정보ᆞ통신,E,비전파운데이션모델,온디바이스폰,생성형에이아이,알고스피크,건강생활실천지원금제
194,검사임용개혁법,법률,사회 일반,D,감속주의자,검수저,오송참사,검사임용개혁법,딴봉띠집회
195,검체로봇,보건 일반,복지,E,긴급재난생계지원금,양육쿠폰,재난생계지원금,긴급생존자금,검체로봇
196,공정벌금,법률,정치,B,비례위성당,공정벌금,탄핵만능주의자,극험지,조비이락
197,공정벌금제,법률,교통,D,국가지도통신차량,무진동항온항습차,액화수소열차,공정벌금제,국가지도차량
198,구글갑질방지법,법률,복식,C,스키니피케이션,대디핏,구글갑질방지법,뉴머니룩,키드코어
199,국가치료격리병상,의학,법률,C,순환경제사회법,국가첨단전략산업특별법,국가치료격리병상,수소사회형성법안,치킨노조법
200,국방유공자예우법,법률,산업 일반,A,국방유공자예우법,고소절연작업차,국가전략기술제품,국가첨단전략산업,국가첨단전략기술
201,그린패스,보건 일반,복지,E,피해회복국가책임제,아동특별돌봄지원비,재난극복수당,긴급돌봄학교,그린패스
202,근원환자,의학,음악,A,근원환자,밀보드차트,케이인니팝,플러그엔비,새드팝
203,근육옷감,기계,정보ᆞ통신,D,비전파운데이션모델,온센서에이아이,생성에이아이,근육옷감,외식테크
204,금융복합기업집단,경제,정보ᆞ통신,B,온센서에이아이,금융복합기업집단,다중궤도위성,갈고리즘,공공금융플랫폼
205,금융복합기업집단법,법률,건설,D,졸리컷,공간결정론,재해취약주택,금융복합기업집단법,해오름권광역자족거점
206,급식개미,경제,복지,A,급식개미,긴급재난생활지원금,청년긴급수당,예술활동준비금,긴급고용안정자금
207,기근바이러스,사회 일반,환경,A,기근바이러스,통합수질지수,기후배상,글로벌메탄서약,그린래시
208,기본소득국민운동,사회 일반,동물,B,유럽녹색꽃게,기본소득국민운동,호랑무늬딱총새우,익티오티탄세베르넨시스,토마토뿔나방
209,기본소득토지세,법률,물리,A,기본소득토지세,교자성,음향집게,교자성체,세미브리더
210,기초학술기본법,법률,기계,C,유도슈트,신호처리박스,기초학술기본법,전자성능추적시스템,근육옷감
211,기후테크,지구,정치,B,비례연합정당,기후테크,공직후보자역량자격시험,여성전략특구,국폭01
212,기후민감계층,사회 일반,천문,C,국가우주산업벨트,피코플레어제트,기후민감계층,피코플레어,국가우주정책연구센터
213,깃깔따구속,동식물,환경,B,층간소음사후인증제,깃깔따구속,글로벌메탄서약,녹녹갈등,대기정체지수
214,꼬마개미,경제,정보ᆞ통신,B,다중궤도위성,꼬마개미,실재감테크,양자비트플랫폼,블랙키워드
215,노쇼백신,보건 일반,교통,C,녹색항로,메타모빌리티,노쇼백신,국가지도차량,녹색해운항로
216,다크이코노미,경제,환경,E,기후행동지수,무인적조관측시스템,그린래시,글로벌메탄서약,다크이코노미
217,단일정액제,법률,군사,C,위기관리참모훈련,통합무기작전,단일정액제,원격사격무기통제체계,전략장거리포
218,더블링현상,보건 일반,기계,D,자석발,자율방역로봇,유도슈트,더블링현상,약제배송로봇
219,덧보고,정치,의학,B,조력존엄사,덧보고,거점접종센터,거점전담병원의무지정기한,다차원피로도척도
220,데이터담보대출,경제,건설,B,재해취약주택,데이터담보대출,쿠키컷,재해우려주택,공간결정론
221,델타변이,보건 일반,서비스업,C,플랫폼운수사업,해양레저호텔,델타변이,플랫폼운송중개사업,플랫폼운수사업자
222,동물특별사법경찰관,행정,법률,A,동물특별사법경찰관,연락제한요청권,약물치유법원,케이칩스법,고특법
223,디지털시장법,법률,생명,A,디지털시장법,열대림생태학,원형알엔에이,디시브레인,접시뇌
224,딴봉띠집회,사회 일반,복지,E,청년도약계좌,긴급재난생계지원자금,영아피난제도,재난소득기금,딴봉띠집회
225,라이크커머스,경제,교통,E,국가지도차량,무진동항온항습차,배꼽착륙,녹색해운항로,라이크커머스
226,레이블링게임,사회 일반,정보ᆞ통신,C,온디바이스폰,생성에이아이,레이블링게임,알고스피크,비디오언어모델
227,레이어드홈,사회 일반,서비스업,D,플랫폼운수사업,플랫폼운수사업자,플랫폼운송면허,레이어드홈,해양레저호텔
228,레지던스트랙,보건 일반,음악,E,케이인니팝,밀보드차트,플러그엔비,새드팝,레지던스트랙
229,로빈후드운동,경제,정보ᆞ통신,A,로빈후드운동,범용일반인공지능,예측범죄지도,푸드큐아르,여객자동차운송플랫폼
230,로켓정산법,법률,환경,E,지구열대화,기후배상,무인적조관측시스템,기후보상금,로켓정산법
231,록다운세대,사회 일반,경제,D,버거플레이션,주식가치연동현금,퀸루블,록다운세대,바이브세션
232,롤코족,사회 일반,복지,A,롤코족,영아피난제도,재난생계비,재난생활비,재난소득기금
233,롤코라이프,사회 일반,음악,A,롤코라이프,밀보드차트,새드팝,케이인니팝,플러그엔비
234,메타노믹스,경제,군사,A,메타노믹스,전략장거리포,위기관리참모훈련,원격사격무기통제체계,통합무기작전
235,면역대리지표,의학,서비스업,B,플랫폼운수사업,면역대리지표,플랫폼운수사업자,해양레저호텔,플랫폼운송중개사업
236,무인탐사헬기,천문,복식,B,젠더플루이드패션,무인탐사헬기,할미룩,비둘기룩,키드코어룩
237,민지세대,사회 일반,정보ᆞ통신,C,자서망,푸드큐아르,민지세대,안티스티어링,공공금융플랫폼
238,밀보드차트,음악,교통,E,액화수소열차,배꼽착륙,녹색항로,메타모빌리티,밀보드차트
239,바이드노믹스,경제,복식,B,키드코어룩,바이드노믹스,홈오피스웨어,릴렉스코지룩,스키코어
240,반값임대료법,경제,천문,B,킥스테이지,반값임대료법,국가우주산업벨트,국가우주정책연구센터,피코플레어제트
241,방역신뢰국,보건 일반,생명,C,행동후성유전학,열대림생태학,방역신뢰국,원형알엔에이,접시뇌
242,배배테크,경제,법률,A,배배테크,재산비례벌금제,세종지법설치법,부모돌봄법,검찰정상화법
243,백신디바이드,보건 일반,복식,C,대디핏,그랜파코어룩,백신디바이드,워터밤룩,코티지코어룩
244,백신사절단,보건 일반,사회 일반,D,잘파세대,딴봉띠집회,포토프레스세대,백신사절단,고용평등임금공시제
245,백신여권,보건 일반,정치,A,백신여권,비례자매정당,검주국가,인태대화,안보삼각형
246,백신패스,보건 일반,교통,B,항로표지식별장치,백신패스,메타모빌리티,국가지도차량,액화수소열차
247,백신휴가제도,보건 일반,경영,E,리파운더,녹색위장행위,완전전자주주총회,태그니티마케팅,백신휴가제도
248,베이스시프트,경제,산업 일반,B,국가첨단전략산업,베이스시프트,고소절연작업차,국가첨단전략기술,국가전략기술제품
249,베타변이,보건 일반,환경,C,대기정체지수,기후영향사업,베타변이,통합수질지수,무인적조관측시스템
250,브이노믹스,경제,서비스업,D,펫시터중개업,플랫폼운수사업,플랫폼운송면허,브이노믹스,플랫폼운송중개사업
251,비격리여행권역,행정,산업 일반,D,고소절연작업차,국가전략기술제품,국가첨단전략기술,비격리여행권역,국가첨단전략산업
252,사전위탁보호제도,행정,천문,E,국가우주정책연구센터,국가우주산업벨트,다누리호,피코플레어,사전위탁보호제도
253,사전위탁보호제,행정,군사,D,원격사격무기통제체계,전략장거리포,위기관리참모훈련,사전위탁보호제,통합무기작전
254,상생소비지원금,복지,서비스업,A,상생소비지원금,플랫폼운송면허,플랫폼운수사업자,플랫폼운송중개사업,펫시터중개업
255,상폐빔,경제,복식,B,스키니피케이션,상폐빔,스키코어룩,꾸안꾸룩,동탄룩
256,서학개미,경제,경영,B,태그니티마케팅,서학개미,완전전자주주총회,녹색위장행위,리파운더
257,서학개미운동,경제,정치,B,공직후보자역량자격시험,서학개미운동,연개특위,비례전문정당,위성비례정당
258,세계백신면역개발연합,보건 일반,생명,C,열대림생태학,접시뇌,세계백신면역개발연합,행동후성유전학,원형알엔에이
259,세금멈춤법,경제,음악,D,플러그엔비,케이인니팝,새드팝,세금멈춤법,밀보드차트
260,수정체낭절개술,의학,전기ᆞ전자,C,회생저항장치,광자력계,수정체낭절개술,으뜸효율가전,엑사전자볼트
261,스가노믹스,경제,천문,E,다누리호,킥스테이지,피코플레어,무인탐사헬기,스가노믹스
262,스핏후드,복식,생명,D,접시뇌,열대림생태학,행동후성유전학,스핏후드,디시브레인
263,신속진단검사센터,보건 일반,건설,B,쿠키컷,신속진단검사센터,재해취약주택,해오름권광역자족거점,공간결정론
264,아동돌봄특별지원,복지,의학,C,이동선별진료,수정체낭절개술,아동돌봄특별지원,수리감염역학,반강성고정술
265,아동특별돌봄지원,복지,복식,A,아동특별돌봄지원,워크레져패션,그랜파코어,키드코어,비둘기룩
266,아동특별돌봄지원금,복지,교육,C,계약정원제,평생학습휴직제,아동특별돌봄지원금,학교폭력전담조사관,학부모안심학년
267,아동특별돌봄지원비,복지,법률,C,교육자유특구법,직방금지법,아동특별돌봄지원비,도심복합개발특별법,개식용종식특별법
268,아동특별돌봄비,복지,생명,E,원형알엔에이,접시뇌,열대림생태학,디시브레인,아동특별돌봄비
269,알파변이,보건 일반,정보ᆞ통신,E,알고스피크,안심전세포털,양자난수생성기술,다중궤도위성,알파변이
270,액화수소열차,교통,물리,C,교자성,음향집게,액화수소열차,세미브리더,교자성체
271,양자난수생성기술,정보ᆞ통신,서비스업,C,해양레저호텔,플랫폼운송중개사업,양자난수생성기술,플랫폼운송면허,플랫폼운수사업
272,에브리싱랠리,경제,군사,E,위기관리참모훈련,통합무기작전,원격사격무기통제체계,전략장거리포,에브리싱랠리
273,여행안전권역,행정,음악,A,여행안전권역,플러그엔비,새드팝,밀보드차트,케이인니팝
274,연금개미,경제,산업 일반,C,국가전략기술제품,국가첨단전략산업,연금개미,국가첨단전략기술,고소절연작업차
275,우먼버핏,경제,보건 일반,B,생활치료센터,우먼버핏,트윈데믹,스텔스오미크론,마스크의무제
276,워크레져패션,복식,사회 일반,E,에이지빌리티,퀴어슬람,안티인스타,탕핑족,워크레져패션
277,유도슈트,기계,의학,B,빗살모공,유도슈트,수리감염역학,국가치료격리병상,푹스디스트로피
278,육아기본소득,복지,경제,B,임대료멈춤법,육아기본소득,히트플레이션,초격차기술특례,서학개미
279,육아전문관리사,사회 일반,기계,B,자석발,육아전문관리사,근육옷감,신호처리박스,유도슈트
280,음토토,역사,음악,A,음토토,플러그엔비,케이인니팝,새드팝,밀보드차트
281,의무공공기여,행정,복식,C,할미룩,뉴머니룩,의무공공기여,그랜파코어룩,그랜파코어
282,인플루언서블세대,사회 일반,보건 일반,D,신속방문검사,마스크공적판매처,재양성자,인플루언서블세대,베타변이
283,일가구일주택법,법률,보건 일반,A,일가구일주택법,신종코로나바이러스감염증,집중감염원,생활치료시설,노쇼백신
284,임대료멈춤법,경제,법률,C,집단항명수괴죄,세종법원법,임대료멈춤법,개식용종식특별법,금리폭리방지법
285,자본주의키즈,사회 일반,군사,D,전략장거리포,원격사격무기통제체계,통합무기작전,자본주의키즈,위기관리참모훈련
286,자율방역로봇,기계,경제,D,급식개미,슈거플레이션,그린스완,자율방역로봇,비화이트국
287,재난시기상가임대료감면법,법률,건설,E,쿠키컷,해오름권광역자족거점,졸리컷,재해취약주택,재난시기상가임대료감면법
288,재산비례벌금제,법률,건설,E,쿠키컷,공간결정론,재해취약주택,졸리컷,재산비례벌금제
289,전국민재난지원패키지,복지,건설,E,해오름권광역자족거점,재해취약주택,공간결정론,졸리컷,전국민재난지원패키지
290,전략장거리포,군사,정보ᆞ통신,E,양자비트플랫폼,갈고리즘,자서망,비전파운데이션모델,전략장거리포
291,전월세금지법,법률,전기ᆞ전자,E,엑사전자볼트,회생저항장치,광자력계,으뜸효율가전,전월세금지법
292,전자예방접종증명서,보건 일반,사회 일반,E,당평세대,레이어드홈,오송참사,실종아동주간,전자예방접종증명서
293,정책형뉴딜펀드,경제,전기ᆞ전자,B,회생저항장치,정책형뉴딜펀드,으뜸효율가전,엑사전자볼트,자기토커
294,주가꿈비율,경제,교육,E,교육회복추진단,폐교장려금,평생학습휴직제,이음연령,주가꿈비율
295,주폭방지법,법률,기계,B,신호처리박스,주폭방지법,근육옷감,약제배송로봇,유도슈트
296,중수청법,법률,전기ᆞ전자,E,엑사전자볼트,광자력계,으뜸효율가전,자기토커,중수청법
297,중앙예방접종센터,보건 일반,산업 일반,D,국가첨단전략산업,국가전략기술제품,국가첨단전략기술,중앙예방접종센터,고소절연작업차
298,지역재생잠재력지수,사회 일반,생명,A,지역재생잠재력지수,접시뇌,열대림생태학,원형알엔에이,행동후성유전학
299,집단면역가설,보건 일반,경제,B,수출심사우대국,집단면역가설,세대균형지표,소상공인긴급금융구조안,공공매입약정
300,청년특별구직지원금,복지,행정,E,고등직업교육거점지구지원사업,의무공공기여,국가데이터혁신지구,공적판매처,청년특별구직지원금
301,청산가정반환율,경제,복지,A,청산가정반환율,긴급생존자금,긴급민생지원금,긴급재난생계지원자금,재난극복수당
302,칩플레이션,경제,교통,E,국가지도통신차량,배꼽착륙,액화수소열차,국가지도차량,칩플레이션
303,코로나손실보상법,법률,보건 일반,A,코로나손실보상법,비말차단용마스크,백신여권,스텔스오미크론,베타변이
304,탄소조정세,경제,기계,C,약제배송로봇,자율방역로봇,탄소조정세,유도슈트,자석발
305,태그니티마케팅,경영,산업 일반,E,국가첨단전략산업,고소절연작업차,국가첨단전략기술,국가전략기술제품,태그니티마케팅
306,토지임대부기본주택공급촉진특별법,법률,행정,C,규제책임관제,긴급벌채제도,토지임대부기본주택공급촉진특별법,규제책임관,빵서기관
307,통합수질지수,환경,법률,A,통합수질지수,대장동방지법,국가연구개발혁신법,국가자원안보특별법,채상병법
308,트윈데믹,보건 일반,복식,B,키드코어룩,트윈데믹,동탄미시룩,홈오피스웨어,블로케트
309,학대정책계,행정,생명,B,접시뇌,학대정책계,행동후성유전학,원형알엔에이,열대림생태학
310,한계근로빈곤층,사회 일반,보건 일반,E,백신패스,방역신뢰국,핀셋방역,백신사절단,한계근로빈곤층
311,할미룩,복식,지구,B,기후테크,할미룩,국립지질유산센터,안트로포퀴나스,합성가뭄지수
312,홈오피스웨어,복식,산업 일반,A,홈오피스웨어,국가전략기술제품,국가첨단전략기술,국가첨단전략산업,고소절연작업차
313,가상세계패션,복식,사회 일반,B,롤코족,가상세계패션,슈퍼에이징시대,육아몰입기간,디토사회
314,가스테란투스익스팅크투스,식물,환경,C,국제메탄서약,통합수질지수,가스테란투스익스팅크투스,배터리환경성계수,기후배상
315,가스플레이션,경제,전기ᆞ전자,E,자기토커,광자력계,엑사전자볼트,으뜸효율가전,가스플레이션
316,가입자퇴직급여보장법,법률,음악,B,플러그엔비,가입자퇴직급여보장법,밀보드차트,새드팝,케이인니팝
317,간호인력인권법,법률,서비스업,E,해양레저호텔,플랫폼운송중개사업,플랫폼운수사업,펫시터중개업,간호인력인권법
318,개발이익국민환수제,행정,보건 일반,C,네버코비드,집단면역가설,개발이익국민환수제,방심패스,안심외래진료소
319,개인경계선,정보ᆞ통신,행정,D,우유서기관,의무공공기여,공적마스크,개인경계선,플랫폼분쟁조정위
320,검당유착,사회 일반,건설,B,해오름권광역자족거점,검당유착,공간결정론,쿠키컷,재해우려주택
321,검수완박법,법률,복식,C,키드코어룩,발레코어,검수완박법,대디핏,그랜파코어
322,검역정보사전입력시스템,보건 일반,사회 일반,D,기본소득국민운동,분초사회,쿠팡세대,검역정보사전입력시스템,슈퍼에이징시대
323,검찰면담제,법률,기계,A,검찰면담제,자석발,근육옷감,자율방역로봇,약제배송로봇
324,검찰정상화법,법률,기계,A,검찰정상화법,신호처리박스,자율방역로봇,근육옷감,전자성능추적시스템
325,결장협착증,의학,정보ᆞ통신,A,결장협착증,비전파운데이션모델,인체인터넷,양자비트플랫폼,유스앱
326,경제부스터샷,경제,정보ᆞ통신,C,인체인터넷,비디오언어모델,경제부스터샷,파이브지위성다중연결망,실재감테크
327,고등직업교육거점지구지원사업,행정,복식,A,고등직업교육거점지구지원사업,키드코어,홈오피스웨어,스키코어,뉴머니룩
328,고소절연작업차,산업 일반,사회 일반,A,고소절연작업차,육아이행률,탈쿠팡족,사불,법카농단
329,고용평등임금공시제,사회 일반,교통,D,녹색항로,녹색해운항로,국가지도통신차량,고용평등임금공시제,메타모빌리티
330,고준위특별법,법률,서비스업,A,고준위특별법,해양레저호텔,플랫폼운송면허,플랫폼운수사업,플랫폼운송중개사업
331,공간결정론,건설,산업 일반,D,국가전략기술제품,국가첨단전략산업,고소절연작업차,공간결정론,국가첨단전략기술
332,공공금융플랫폼,정보ᆞ통신,경영,B,리파운더,공공금융플랫폼,태그니티마케팅,완전전자주주총회,녹색위장행위
333,공공매입약정,경제,전기ᆞ전자,D,엑사전자볼트,으뜸효율가전,자기토커,공공매입약정,광자력계
334,공급망안정화기금,경제,의학,C,감염병전담요양병원,빗살모공,공급망안정화기금,자기공명탄성검사,국가치료격리병상
335,공직후보자역량자격시험,정치,물리,A,공직후보자역량자격시험,음향집게,세미브리더,교자성체,교자성
336,광자력계,전기ᆞ전자,천문,C,다누리호,피코플레어,광자력계,킥스테이지,국가우주산업벨트
337,교육회복추진단,교육,경영,A,교육회복추진단,녹색위장행위,리파운더,태그니티마케팅,완전전자주주총회
338,국가데이터혁신지구,행정,서비스업,E,해양레저호텔,플랫폼운수사업,플랫폼운송면허,펫시터중개업,국가데이터혁신지구
339,국가민속유산,법률,천문,A,국가민속유산,피코플레어,킥스테이지,피코플레어제트,국가우주산업벨트
340,국가우주산업벨트,천문,생명,C,열대림생태학,접시뇌,국가우주산업벨트,행동후성유전학,원형알엔에이
341,국가우주정책연구센터,천문,복지,B,청년도약계좌,국가우주정책연구센터,청년특별구직지원금,재난기본소득,재난소득기금
342,국가유산기본법,법률,환경,C,아기기후소송,통합수질지수,국가유산기본법,기후배상,지구열대화
343,국가자원안보특별법,법률,기계,A,국가자원안보특별법,자석발,약제배송로봇,신호처리박스,자율방역로봇
344,국가전략기술육성특별법,법률,복식,D,비둘기룩,오피스코어룩,할미룩,국가전략기술육성특별법,스핏후드
345,국가전략기술제품,산업 일반,생명,C,열대림생태학,행동후성유전학,국가전략기술제품,디시브레인,원형알엔에이
346,국가전임상시험지원센터,약학,경제,D,수출심사우대국,공급망안정화기금,명절테크,국가전임상시험지원센터,기후플레이션
347,국가지도차량,교통,행정,E,우유서기관,클린임대인제도,책값반환제,지역소멸대응기금,국가지도차량
348,국가지도통신차량,교통,서비스업,D,플랫폼운송면허,펫시터중개업,플랫폼운송중개사업,국가지도통신차량,플랫폼운수사업자
349,국가첨단전략기술,산업 일반,교육,D,계약정원제,학교폭력전담조사관제,학부모안심학년,국가첨단전략기술,표준학급수
350,국가첨단전략산업,산업 일반,경제,C,신뢰가치사슬,자금이동추적시스템,국가첨단전략산업,면플레이션,자본심화지수
351,국가첨단전략산업경쟁력강화및보호에관한특별조치법안,법률,경제,B,역슈링크,국가첨단전략산업경쟁력강화및보호에관한특별조치법안,바이드노믹스,초일가점,금융안정특별대출제도
352,국가첨단전략산업특별법,법률,정치,C,연개특위,비례위성정당,국가첨단전략산업특별법,인태대화,청와대해체론
353,국가첨단전략산업법,법률,교통,C,메타모빌리티,국가지도통신차량,국가첨단전략산업법,국가지도차량,녹색해운항로
354,국립뮤지컬진흥원,예체능 일반,정보ᆞ통신,B,범용일반인공지능,국립뮤지컬진흥원,양자난수생성기술,실재감테크,알고스피크
355,국립지질유산센터,지구,행정,B,사전위탁보호제,국립지질유산센터,공익기능증진직불제,선금특례제,대장동게이트
356,국민안심지원제도,복지,동물,D,푼타데바카스잎귀쥐,플레우로시스티티드,토마토뿔나방,국민안심지원제도,유럽녹색꽃게
357,국민우수제안협의체,사회 일반,교통,C,배꼽착륙,항로표지식별장치,국민우수제안협의체,국가지도통신차량,녹색해운항로
358,국제메탄서약,환경,의학,E,면역대리지표,국가돌봄병원,이동선별진료,국가치료격리병상,국제메탄서약
359,규제심판제,법률,정치,C,여성전략특구,관광워싱,규제심판제,청와대해체론,조비이락
360,그린플레이션,경제,법률,A,그린플레이션,기회발전특구법,고준위특별법,해풍법,전자보석제도
361,글로벌메탄서약,환경,복지,E,재난긴급소득지원제도,아동특별돌봄비,양육쿠폰,긴급돌봄제도,글로벌메탄서약
362,기회발전특구특별법,법률,교육,C,학교폭력전담조사관,이학습터,기회발전특구특별법,군졸교과서,폐교장려금
363,기후영향사업,환경,지구,C,암석플라스틱,국립지질유산센터,기후영향사업,합성가뭄지수,기후테크
364,기후인지예산제,환경,교통,B,액화수소열차,기후인지예산제,배꼽착륙,녹색해운항로,국가지도차량
365,깐부쇼어링,경제,법률,A,깐부쇼어링,합법파업보장법,불법파업조장법,연락제한요청권,이태원참사특별법
366,내비실거리제,경제,경영,C,녹색위장행위,태그니티마케팅,내비실거리제,리파운더,완전전자주주총회
367,네버코비드,보건 일반,동물,E,푼타데바카스잎귀쥐,유럽녹색꽃게,호랑무늬딱총새우,플레우로시스티티드,네버코비드
368,네버코비드족,보건 일반,복지,C,긴급재난생활지원금,청년긴급수당,네버코비드족,긴급재난수당,긴급고용안정자금
369,노동전환지원금,복지,동물,E,토마토뿔나방,제주남방밤달팽이,푼타데바카스잎귀쥐,플레우로시스티티드,노동전환지원금
370,녹색위장행위,경영,기계,E,신호처리박스,약제배송로봇,유도슈트,근육옷감,녹색위장행위
371,농접근권,법률,복식,A,농접근권,꾸안꾸룩,그랜파코어,워크레져패션,대디핏
372,농어민기본소득지원금,복지,행정,C,규제책임관제,동물특별사법경찰관,농어민기본소득지원금,고등평생교육특별회계,고등직업교육거점지구지원사업
373,닉코노미,경제,군사,B,위기관리참모훈련,닉코노미,원격사격무기통제체계,전략장거리포,통합무기작전
374,다누리호,천문,보건 일반,E,백신사절단,건강생활실천지원금제,초저온회복처치기,감염병특별관리지역,다누리호
375,다중궤도위성,정보ᆞ통신,사회 일반,E,레이어드홈,육아이행률,고용평등임금공시제,유리세대,다중궤도위성
376,닭피부모,사회 일반,천문,A,닭피부모,무인탐사헬기,다누리호,국가우주정책연구센터,킥스테이지
377,당평세대,사회 일반,경제,A,당평세대,잼테크,갭코노미,사회진입활동비,코스피이백위클리커버드콜에이티엠지수
378,대기정체지수,환경,복지,D,재난극복수당,재난생계소득,전국민재난지원패키지,대기정체지수,재난생계수당
379,대장동게이트,행정,환경,A,대장동게이트,국제메탄서약,배터리환경성계수,글로벌메탄서약,지구열대화
380,대장동방지법,법률,산업 일반,A,대장동방지법,국가첨단전략산업,고소절연작업차,국가첨단전략기술,국가전략기술제품
381,더블링확진,보건 일반,교육,D,학부모안심학년,채식선택제,이음연령,더블링확진,교육회복추진단
382,델타크론,보건 일반,교통,D,국가지도통신차량,국가지도차량,메타모빌리티,델타크론,무진동항온항습차
383,도제담낭,의학,물리,C,세미브리더,교자성체,도제담낭,음향집게,교자성
384,동맹쇼어링,경제,교통,C,국가지도차량,액화수소열차,동맹쇼어링,녹색해운항로,국가지도통신차량
385,디지털자산기본법,법률,복지,E,기본재난소득,긴급돌봄지원단,재난구조수당,긴급돌봄학교,디지털자산기본법
386,디지털자산통합거래소,경제,군사,D,전략장거리포,위기관리참모훈련,통합무기작전,디지털자산통합거래소,원격사격무기통제체계
387,디지털헬스지표,보건 일반,행정,B,긴급벌채제도,디지털헬스지표,국가데이터혁신지구,대장동게이트,공동주택사육허가제
388,런치플레이션,경제,기계,E,유도슈트,신호처리박스,전자성능추적시스템,자율방역로봇,런치플레이션
389,릴렉스코지룩,복식,서비스업,E,해양레저호텔,펫시터중개업,플랫폼운수사업,플랫폼운수사업자,릴렉스코지룩
390,메타모빌리티,교통,산업 일반,A,메타모빌리티,국가첨단전략산업,국가전략기술제품,국가첨단전략기술,고소절연작업차
391,메타물리학,철학,복식,C,키드코어,젠더플루이드패션,메타물리학,동탄룩,뉴머니룩
392,메타바이오아트,예체능 일반,전기ᆞ전자,B,광자력계,메타바이오아트,엑사전자볼트,으뜸효율가전,회생저항장치
393,메타소셜네트워크,매체,군사,D,원격사격무기통제체계,위기관리참모훈련,통합무기작전,메타소셜네트워크,전략장거리포
394,무지출챌린지,경제,복지,D,재난생계소득,긴급재난수당,양육쿠폰,무지출챌린지,재난생활지원금
395,방심패스,보건 일반,전기ᆞ전자,C,으뜸효율가전,회생저항장치,방심패스,광자력계,자기토커
396,방역패스,보건 일반,경영,E,완전전자주주총회,태그니티마케팅,녹색위장행위,리파운더,방역패스
397,배꼽착륙,교통,정보ᆞ통신,D,안심전세앱,생성형에이아이,비전언어모델,배꼽착륙,파이브지위성다중연결망
398,백신국가책임제,보건 일반,전기ᆞ전자,E,회생저항장치,광자력계,자기토커,으뜸효율가전,백신국가책임제
399,백신패스제,보건 일반,전기ᆞ전자,A,백신패스제,광자력계,자기토커,엑사전자볼트,으뜸효율가전
400,법카농단,사회 일반,정치,C,검주국가,덧보고,법카농단,풍선갈등,비례위성당
401,베케플레이션,경제,사회 일반,E,정언공범,법카농단,잘파세대,한계근로빈곤층,베케플레이션
402,비말환자,보건 일반,군사,B,원격사격무기통제체계,비말환자,전략장거리포,통합무기작전,위기관리참모훈련
403,비호감선거,정치,동물,C,유럽녹색꽃게,제주남방밤달팽이,비호감선거,익티오티탄세베르넨시스,호랑무늬딱총새우
404,사불,사회 일반,기계,D,유도슈트,근육옷감,자율방역로봇,사불,자석발
405,선학개미,경제,경영,A,선학개미,녹색위장행위,완전전자주주총회,태그니티마케팅,리파운더
406,소상공인긴급금융구조안,경제,의학,C,감염병전담요양병원,푹스디스트로피,소상공인긴급금융구조안,슈퍼면역자,반강성고정술
407,소상공인방역지원금,복지,경제,D,전력시장긴급정산상한가격,기간산업지원금,기간산업기금,소상공인방역지원금,소상공인긴급금융구조안
408,슈퍼면역자,의학,군사,B,원격사격무기통제체계,슈퍼면역자,전략장거리포,통합무기작전,위기관리참모훈련
409,스텔스오미크론,보건 일반,산업 일반,E,국가첨단전략기술,국가첨단전략산업,국가전략기술제품,고소절연작업차,스텔스오미크론
410,신뢰가치사슬,경제,동물,C,토마토뿔나방,푼타데바카스잎귀쥐,신뢰가치사슬,제주남방밤달팽이,플레우로시스티티드
411,신속방문검사,보건 일반,경영,E,녹색위장행위,완전전자주주총회,태그니티마케팅,리파운더,신속방문검사
412,신호처리박스,기계,경제,E,히트플레이션,스가노믹스,위험유포지수,소상공인긴급금융구조안,신호처리박스
413,실재감테크,정보ᆞ통신,경제,A,실재감테크,펀커머스,종합지급결제사업자,상대적불평등지수,왝플레이션
414,실질신용갭률,경제,교육,B,학부모안심학년,실질신용갭률,이음연령,계약정원제,평생학습휴직제
415,아세틸글리신,보건 일반,생명,B,원형알엔에이,아세틸글리신,열대림생태학,디시브레인,접시뇌
416,약제배송로봇,기계,교통,B,국가지도차량,약제배송로봇,항로표지식별장치,녹색항로,국가지도통신차량
417,영문음성확인서,보건 일반,의학,B,수리감염역학,영문음성확인서,푹스디스트로피,에바스증후군,슈퍼면역자
418,예측범죄지도,정보ᆞ통신,생명,C,디시브레인,열대림생태학,예측범죄지도,접시뇌,원형알엔에이
419,오미크론부스터샷,보건 일반,군사,E,위기관리참모훈련,전략장거리포,원격사격무기통제체계,통합무기작전,오미크론부스터샷
420,온학교교육회복학습지원,교육,동물,D,제주남방밤달팽이,호랑무늬딱총새우,익티오티탄세베르넨시스,온학교교육회복학습지원,플레우로시스티티드
421,왝플레이션,경제,의학,C,희소비만증,슈퍼면역자,왝플레이션,결장협착증,전정수도관확장증후군
422,이플레이션,경제,교통,D,녹색해운항로,국가지도통신차량,국가지도차량,이플레이션,배꼽착륙
423,인체인터넷,정보ᆞ통신,법률,A,인체인터넷,국가첨단전략산업경쟁력강화및보호에관한특별조치법안,테무차단법,도심복합개발지원법,통공매
424,일자리도약장려금,사회 일반,전기ᆞ전자,C,자기토커,회생저항장치,일자리도약장려금,으뜸효율가전,엑사전자볼트
425,자금이동추적시스템,경제,경영,B,리파운더,자금이동추적시스템,완전전자주주총회,녹색위장행위,태그니티마케팅
426,자기공명탄성검사,의학,보건 일반,E,건강생활실천지원금제,핀셋방역,네버코비드족,감마변이,자기공명탄성검사
427,재택치료키트,보건 일반,행정,B,플랫폼분쟁조정위,재택치료키트,의무공공기여,행정카르텔,클린임대제
428,재택키트,보건 일반,기계,C,신호처리박스,전자성능추적시스템,재택키트,유도슈트,약제배송로봇
429,전력시장긴급정산상한가격,경제,교육,D,계약정원제,표준학급수,평생학습휴직제,전력시장긴급정산상한가격,교육회복추진단
430,제로코로나,보건 일반,기계,D,근육옷감,자석발,전자성능추적시스템,제로코로나,유도슈트
431,주간수술유닛,의학,물리,E,세미브리더,음향집게,교자성체,교자성,주간수술유닛
432,지방소멸대응기금,행정,전기ᆞ전자,B,자기토커,지방소멸대응기금,회생저항장치,엑사전자볼트,광자력계
433,지역산업위기대응법,법률,보건 일반,C,마스크오부제,백신여권,지역산업위기대응법,국민안심마스크,선별검사센터
434,지역소멸대응기금,행정,정치,D,비례자매정당,풍선갈등,안보삼각형,지역소멸대응기금,청와대해체론
435,짠내사업가,경제,서비스업,A,짠내사업가,플랫폼운송면허,펫시터중개업,플랫폼운수사업,해양레저호텔
436,첫만남지원금,복지,산업 일반,A,첫만남지원금,국가전략기술제품,고소절연작업차,국가첨단전략기술,국가첨단전략산업
437,청년내일저축계좌,복지,전기ᆞ전자,B,자기토커,청년내일저축계좌,으뜸효율가전,회생저항장치,광자력계
438,청년도약계좌,복지,서비스업,A,청년도약계좌,플랫폼운수사업자,펫시터중개업,플랫폼운수사업,플랫폼운송중개사업
439,청와대해체론,정치,기계,A,청와대해체론,유도슈트,약제배송로봇,전자성능추적시스템,근육옷감
440,카카오방지법,법률,지구,A,카카오방지법,안트로포퀴나스,국립지질유산센터,합성가뭄지수,기후테크
441,카플레이션,경제,사회 일반,A,카플레이션,기후민감계층,일자리도약장려금,평균실종,군중유체화
442,코로나극복국민참여방역운동본부,보건 일반,음악,E,밀보드차트,케이인니팝,새드팝,플러그엔비,코로나극복국민참여방역운동본부
443,코비드플레이션,경제,행정,D,임금직무정보시스템,합가보류,클린임대인제도,코비드플레이션,안심임대인인증서
444,쿠팡세대,사회 일반,동물,A,쿠팡세대,플레우로시스티티드,토마토뿔나방,호랑무늬딱총새우,제주남방밤달팽이
445,탄소중립시민회의,환경,산업 일반,B,국가첨단전략기술,탄소중립시민회의,국가전략기술제품,고소절연작업차,국가첨단전략산업
446,탄소중립직불제,경제,지구,C,안트로포퀴나스,국립지질유산센터,탄소중립직불제,기후테크,암석플라스틱
447,탕핑족,사회 일반,산업 일반,E,고소절연작업차,국가첨단전략기술,국가첨단전략산업,국가전략기술제품,탕핑족
448,파이브지위성다중연결망,정보ᆞ통신,보건 일반,C,감염병특별관리지역,중앙예방접종센터,파이브지위성다중연결망,계약형지역필수의사제도,마스크의무제
449,푸틴플레이션,경제,서비스업,A,푸틴플레이션,플랫폼운송면허,펫시터중개업,플랫폼운송중개사업,플랫폼운수사업
450,프렌드쇼어링,경제,사회 일반,D,쿠팡세대,탈쿠팡족,성범죄백서,프렌드쇼어링,기후민감계층
451,프로틴플레이션,경제,건설,C,쿠키컷,해오름권광역자족거점,프로틴플레이션,졸리컷,공간결정론
452,플랫폼분쟁조정위,행정,복지,E,긴급돌봄제도,긴급재난소득,청년내일저축계좌,재난긴급소득지원제도,플랫폼분쟁조정위
453,피해회복국가책임제,복지,행정,A,피해회복국가책임제,학대정책계,지역소멸대응기금,규제책임관,부분근로자대표제
454,해오름권광역자족거점,건설,환경,B,기후보상금,해오름권광역자족거점,기후영향사업,녹녹갈등,기후인지예산제
455,감사완박법,법률,기계,E,자석발,유도슈트,약제배송로봇,근육옷감,감사완박법
456,강제매수법,법률,사회 일반,E,에이지빌리티,레이블링게임,탈쿠팡족,인플루언서블세대,강제매수법
457,개발워싱,정치,사회 일반,C,에이지빌리티,갓무직,개발워싱,소득이동통계,지역재생잠재력지수
458,개인채무자보호법,법률,보건 일반,B,방심패스,개인채무자보호법,사전환자분류소,세계백신면역개발연합,초저온회복처치기
459,건강보정기대수명,사회 일반,음악,B,케이인니팝,건강보정기대수명,새드팝,밀보드차트,플러그엔비
460,검수원복법,법률,환경,C,탄소중립시민회의,기후배상,검수원복법,그린래시,기후인지예산제
461,검주국가,정치,음악,D,케이인니팝,밀보드차트,새드팝,검주국가,플러그엔비
462,계약정원제,교육,교통,E,국가지도통신차량,액화수소열차,무진동항온항습차,배꼽착륙,계약정원제
463,고등평생교육특별회계,행정,산업 일반,E,국가전략기술제품,국가첨단전략산업,고소절연작업차,국가첨단전략기술,고등평생교육특별회계
464,고특법,법률,복지,E,재난생계소득,아동특별돌봄지원비,긴급재난기본소득,긴급생계수당,고특법
465,고특회계,행정,보건 일반,E,코로나극복국민참여방역운동본부,코비드일구,레지던스트랙,전자예방접종증명서,고특회계
466,관광워싱,정치,교육,B,학교폭력전담조사관제,관광워싱,계약정원제,교육회복추진단,군졸교과서
467,교육자유특구법,법률,교육,D,학교폭력전담조사관,표준학급수,이학습터,교육자유특구법,학부모안심학년
468,국가인재양성기본법,법률,전기ᆞ전자,D,엑사전자볼트,자기토커,회생저항장치,국가인재양성기본법,광자력계
469,국폭01,정치,생명,E,열대림생태학,디시브레인,원형알엔에이,접시뇌,국폭01
470,군졸교과서,교육,건설,D,재해우려주택,해오름권광역자족거점,쿠키컷,군졸교과서,졸리컷
471,군중유체화,사회 일반,서비스업,D,플랫폼운송중개사업,플랫폼운수사업,플랫폼운송면허,군중유체화,해양레저호텔
472,군집자살,사회 일반,음악,C,케이인니팝,플러그엔비,군집자살,새드팝,밀보드차트
473,그리드플레이션,경제,법률,C,수소사회형성법안,기초연금확대법,그리드플레이션,반도체산업강화법,재산비례벌금제
474,근로자밥값지원법,법률,생명,C,열대림생태학,원형알엔에이,근로자밥값지원법,행동후성유전학,디시브레인
475,글로벌스톡테이크,환경,천문,D,피코플레어,다누리호,무인탐사헬기,글로벌스톡테이크,피코플레어제트
476,금리폭리방지법,법률,경제,B,에브리싱랠리,금리폭리방지법,실질신용갭률,버라이어티가격전략,초격차기술특례
477,금안계정,경제,물리,D,교자성체,음향집게,세미브리더,금안계정,교자성
478,금융교육진흥법,법률,건설,B,재해우려주택,금융교육진흥법,졸리컷,쿠키컷,재해취약주택
479,금융안정계정,경제,경영,E,녹색위장행위,리파운더,태그니티마케팅,완전전자주주총회,금융안정계정
480,기초연금확대법,법률,기계,C,유도슈트,자석발,기초연금확대법,신호처리박스,근육옷감
481,기회발전특구법,법률,경영,D,태그니티마케팅,완전전자주주총회,녹색위장행위,기회발전특구법,리파운더
482,기후기술허브,환경,음악,B,새드팝,기후기술허브,케이인니팝,플러그엔비,밀보드차트
483,기후배상,환경,교육,B,표준학급수,기후배상,계약정원제,폐교장려금,이음연령
484,기후보상금,환경,물리,A,기후보상금,음향집게,교자성,세미브리더,교자성체
485,기후행동지수,환경,지구,A,기후행동지수,암석플라스틱,안트로포퀴나스,기후테크,합성가뭄지수
486,기후플레이션,경제,지구,B,안트로포퀴나스,기후플레이션,합성가뭄지수,국립지질유산센터,기후테크
487,긴급벌채제도,행정,환경,B,층간소음사후인증제,긴급벌채제도,기후배상,배터리환경성계수,기후행동지수
488,깡통전세공공매입특별법,법률,음악,E,플러그엔비,밀보드차트,새드팝,케이인니팝,깡통전세공공매입특별법
489,나토베나토르폴리돈투스,동식물,행정,C,우유사무관,사전위탁보호제,나토베나토르폴리돈투스,필수의료유지명령,신속통로제
490,내집마련리츠주택,복지,기계,D,전자성능추적시스템,자율방역로봇,약제배송로봇,내집마련리츠주택,근육옷감
491,노조방탄법,법률,행정,B,선금특례제,노조방탄법,국가데이터혁신지구,안심임대인인증서,동물특별사법경찰관
492,녹색항로,교통,사회 일반,E,콰이어트퀴팅,검수저,레이블링게임,보더리스족,녹색항로
493,녹색해운항로,교통,물리,C,교자성,음향집게,녹색해운항로,세미브리더,교자성체
494,농촌소멸기금,행정,군사,E,원격사격무기통제체계,통합무기작전,전략장거리포,위기관리참모훈련,농촌소멸기금
495,도심복합개발지원법,법률,교통,C,항로표지식별장치,배꼽착륙,도심복합개발지원법,국가지도통신차량,액화수소열차
496,도심복합개발특별법,법률,복식,A,도심복합개발특별법,오피스코어룩,동탄미시룩,스핏후드,블로케트
497,드링크플레이션,경제,교육,B,온학교교육회복학습지원,드링크플레이션,표준학급수,평생학습휴직제,학교폭력전담조사관
498,디시브레인,생명,음악,C,밀보드차트,케이인니팝,디시브레인,새드팝,플러그엔비
499,디지털플랫폼재난,정보ᆞ통신,보건 일반,B,방역신뢰국,디지털플랫폼재난,혼합검체기법,이동선별진료소,코로나극복국민참여방역운동본부
500,마스크키핑족,보건 일반,교육,C,온학교교육회복학습지원,군졸교과서,마스크키핑족,이음연령,학부모안심학년제
501,면플레이션,경제,사회 일반,D,에이지빌리티,자본주의키즈,탈팡족,면플레이션,검수저
502,명절테크,경제,음악,B,케이인니팝,명절테크,밀보드차트,새드팝,플러그엔비
503,무진동항온항습차,교통,교육,E,학부모안심학년,학교폭력전담조사관,평생학습휴직제,표준학급수,무진동항온항습차
504,문화워싱,정치,지구,E,기후테크,합성가뭄지수,국립지질유산센터,암석플라스틱,문화워싱
505,반강성고정술,의학,천문,E,무인탐사헬기,킥스테이지,피코플레어,국가우주정책연구센터,반강성고정술
506,반도체산업강화법,법률,전기ᆞ전자,A,반도체산업강화법,자기토커,광자력계,엑사전자볼트,회생저항장치
507,발레코어,복식,건설,D,재해취약주택,졸리컷,공간결정론,발레코어,재해우려주택
508,뱅보드차트,경제,천문,B,피코플레어제트,뱅보드차트,국가우주정책연구센터,피코플레어,무인탐사헬기
509,뱅크데믹,경제,보건 일반,E,전자예방접종증명서,백신사절단,초저온회복처치기,백신패스,뱅크데믹
510,버거플레이션,경제,군사,C,원격사격무기통제체계,전략장거리포,버거플레이션,위기관리참모훈련,통합무기작전
511,부모돌봄법,법률,교육,D,학교폭력전담조사관제,표준학급수,이학습터,부모돌봄법,폐교장려금
512,부분근로자대표제,행정,천문,C,국가우주산업벨트,피코플레어제트,부분근로자대표제,피코플레어,국가우주정책연구센터
513,불법일임투자,경제,물리,D,교자성체,교자성,세미브리더,불법일임투자,음향집게
514,불법파업보장법,법률,정치,E,국폭01,위성비례정당,극험지,비례연합정당,불법파업보장법
515,불법파업조장법,법률,행정,C,긴급벌채제도,학대정책계,불법파업조장법,개발이익국민환수제,권역의사인력뱅크
516,블록코어룩,복식,정보ᆞ통신,A,블록코어룩,다중궤도위성,푸드큐아르코드,안심전세앱,비디오언어모델
517,빵플레이션,경제,천문,C,킥스테이지,국가우주정책연구센터,빵플레이션,피코플레어제트,국가우주산업벨트
518,사회서비스진흥법,법률,복식,B,스키코어룩,사회서비스진흥법,발레코어,워터밤룩,스키코어
519,산업평화보장법,법률,지구,B,국립지질유산센터,산업평화보장법,안트로포퀴나스,합성가뭄지수,암석플라스틱
520,상대적불평등지수,경제,기계,B,약제배송로봇,상대적불평등지수,근육옷감,자율방역로봇,자석발
521,새드팝,음악,행정,E,공적마스크,빵서기관,공동주택사육허가제,농촌소멸기금,새드팝
522,생성에이아이,정보ᆞ통신,경영,C,태그니티마케팅,리파운더,생성에이아이,녹색위장행위,완전전자주주총회
523,생성형에이아이,정보ᆞ통신,교통,D,무진동항온항습차,메타모빌리티,국가지도차량,생성형에이아이,국가지도통신차량
524,생체직교화학,화학,환경,B,글로벌메탄서약,생체직교화학,그린래시,아기기후소송,기후영향사업
525,세계구매자지수,경제,행정,C,공익기능증진직불금,고특회계,세계구매자지수,개발이익국민환수제,중심지역관서제
526,순환경제기본계획,경제,법률,A,순환경제기본계획,소재부품장비산업특별법,중처법,전월세금지법,규제심판제
527,술플레이션,경제,생명,E,열대림생태학,디시브레인,접시뇌,행동후성유전학,술플레이션
528,슈거플레이션,경제,전기ᆞ전자,D,엑사전자볼트,회생저항장치,자기토커,슈거플레이션,광자력계
529,스키니피케이션,복식,사회 일반,B,한국멸시론자,스키니피케이션,군중유체화,디토사회,키슐랭
530,신속회생추진법,법률,음악,E,새드팝,밀보드차트,케이인니팝,플러그엔비,신속회생추진법
531,신용상승격려금,행정,군사,B,전략장거리포,신용상승격려금,통합무기작전,원격사격무기통제체계,위기관리참모훈련
532,실감문화공간,사회 일반,서비스업,A,실감문화공간,플랫폼운수사업자,플랫폼운수사업,해양레저호텔,펫시터중개업
533,쌀값정상화법,법률,건설,C,쿠키컷,공간결정론,쌀값정상화법,해오름권광역자족거점,재해우려주택
534,아기기후소송,환경,의학,B,면역대리지표,아기기후소송,수리감염역학,거점접종센터,거점전담병원의무지정기한
535,안심임대인인증서,행정,천문,A,안심임대인인증서,무인탐사헬기,피코플레어제트,국가우주정책연구센터,피코플레어
536,안심전세앱,정보ᆞ통신,생명,A,안심전세앱,원형알엔에이,행동후성유전학,열대림생태학,디시브레인
537,안심전세포털,정보ᆞ통신,군사,C,통합무기작전,전략장거리포,안심전세포털,원격사격무기통제체계,위기관리참모훈련
538,안트로포퀴나스,지구,건설,D,졸리컷,해오름권광역자족거점,재해취약주택,안트로포퀴나스,공간결정론
539,안티인스타,사회 일반,정보ᆞ통신,B,실재감테크,안티인스타,호모프롬프트,개인경계선,인체인터넷
540,안티스티어링,정보ᆞ통신,환경,E,그린래시,기후행동지수,기후배상,지구열대화,안티스티어링
541,알고스피크,정보ᆞ통신,환경,B,국제메탄서약,알고스피크,기후행동지수,기후배상,기후보상금
542,암석플라스틱,지구,경제,D,그린플레이션,술플레이션,임차인등록제,암석플라스틱,무지출챌린지
543,압축소멸,경제,전기ᆞ전자,A,압축소멸,엑사전자볼트,으뜸효율가전,회생저항장치,자기토커
544,약자동행지수,행정,사회 일반,A,약자동행지수,국민우수제안협의체,가속주의자,인플루언서블세대,분초사회
545,양곡공산화법,법률,전기ᆞ전자,A,양곡공산화법,광자력계,회생저항장치,엑사전자볼트,자기토커
546,양곡처리법,법률,군사,A,양곡처리법,통합무기작전,전략장거리포,위기관리참모훈련,원격사격무기통제체계
547,에바스증후군,의학,행정,B,초광역특별시,에바스증후군,우유관리관,소방직무제,수사심사관
548,에이지빌리티,사회 일반,교육,D,평생학습휴직제,학부모안심학년제,계약정원제,에이지빌리티,온학교교육회복학습지원
549,에피슈머,경제,정치,A,에피슈머,탄핵만능주의자,탄핵만능주의,비례연합정당,비례신당
550,연개특위,정치,경제,E,정책형뉴딜펀드,상거래신용등급,내비실거리제,면플레이션,연개특위
551,열대림생태학,생명,복지,C,피해회복국가책임제,재난기본소득제,열대림생태학,긴급재난수당,긴급고용지원금
552,우주항공기금,경제,지구,B,기후테크,우주항공기금,안트로포퀴나스,합성가뭄지수,암석플라스틱
553,워드맵,언어,정치,E,공직후보자역량자격시험,비례전문정당,풍선갈등,비례연합공천,워드맵
554,웨딩플레이션,경제,환경,B,지구열대화,웨딩플레이션,기후배상,기후보상금,그린래시
555,유공유리분말,재료,천문,A,유공유리분말,피코플레어제트,피코플레어,무인탐사헬기,국가우주정책연구센터
556,유급휴재,사회 일반,동물,D,익티오티탄세베르넨시스,토마토뿔나방,푼타데바카스잎귀쥐,유급휴재,호랑무늬딱총새우
557,유급휴재권,사회 일반,산업 일반,D,국가첨단전략산업,고소절연작업차,국가전략기술제품,유급휴재권,국가첨단전략기술
558,유리세대,사회 일반,의학,A,유리세대,푹스디스트로피,췌도부전증,면역대리지표,조력존엄사
559,유튜버공화국,사회 일반,환경,D,기후기술허브,아기기후소송,대기정체지수,유튜버공화국,그린래시
560,이태원참사특별법,법률,물리,B,교자성,이태원참사특별법,세미브리더,교자성체,음향집게
561,일저우일저,경제,천문,E,피코플레어,피코플레어제트,국가우주정책연구센터,국가우주산업벨트,일저우일저
562,입법독주법,법률,경제,A,입법독주법,펀커머스,자금이동추적시스템,증빙어음,베이스시프트
563,자기공감력,심리,군사,C,통합무기작전,위기관리참모훈련,자기공감력,원격사격무기통제체계,전략장거리포
564,자기토커,전기ᆞ전자,기계,D,자율방역로봇,유도슈트,약제배송로봇,자기토커,전자성능추적시스템
565,자서망,정보ᆞ통신,지구,A,자서망,암석플라스틱,합성가뭄지수,기후테크,안트로포퀴나스
566,자석발,기계,서비스업,B,플랫폼운수사업,자석발,플랫폼운수사업자,플랫폼운송중개사업,펫시터중개업
567,자원안보법,법률,환경,D,기후행동지수,지구열대화,글로벌메탄서약,자원안보법,무인적조관측시스템
568,잘파세대,사회 일반,복지,B,긴급재난수당,잘파세대,피해회복국가책임제,청년특별구직지원금,긴급재난기부금
569,재가요양복지사,복지,건설,E,재해우려주택,재해취약주택,쿠키컷,해오름권광역자족거점,재가요양복지사
570,재능사다리,사회 일반,군사,B,전략장거리포,재능사다리,통합무기작전,위기관리참모훈련,원격사격무기통제체계
571,재해우려주택,건설,서비스업,A,재해우려주택,해양레저호텔,플랫폼운수사업,플랫폼운송중개사업,플랫폼운송면허
572,재해취약주택,건설,생명,E,접시뇌,열대림생태학,디시브레인,행동후성유전학,재해취약주택
573,잼테크,경제,사회 일반,E,오송참사,고용평등임금공시제,국민우수제안협의체,쿠팡세대,잼테크
574,전세사기특별법,법률,교통,B,항로표지식별장치,전세사기특별법,녹색해운항로,메타모빌리티,녹색항로
575,전자성능추적시스템,기계,사회 일반,B,육아전문관리사,전자성능추적시스템,건강보정기대수명,레이어드홈,닭피부모
576,전정수도관확장증후군,의학,산업 일반,B,국가첨단전략산업,전정수도관확장증후군,국가첨단전략기술,국가전략기술제품,고소절연작업차
577,접시뇌,생명,사회 일반,A,접시뇌,쿠팡세대,탈쿠팡족,포토프레스세대,지역재생잠재력지수
578,정언공범,사회 일반,지구,E,국립지질유산센터,합성가뭄지수,암석플라스틱,안트로포퀴나스,정언공범
579,젠더플루이드패션,복식,생명,C,열대림생태학,행동후성유전학,젠더플루이드패션,원형알엔에이,접시뇌
580,조력존엄사,의학,군사,A,조력존엄사,통합무기작전,전략장거리포,원격사격무기통제체계,위기관리참모훈련
581,조력존엄사법,법률,물리,C,교자성,음향집게,조력존엄사법,세미브리더,교자성체
582,중처법,법률,행정,E,우유관리관,비격리여행권역,초광역특별시,동물특별사법경찰관,중처법
583,직방금지법,법률,교육,E,학교폭력전담조사관제,군졸교과서,채식선택제,평생학습휴직제,직방금지법
584,청년도전준비금,복지,교육,C,교육회복추진단,채식선택제,청년도전준비금,폐교장려금,학부모안심학년
585,최소주거보장법,법률,행정,C,빵서기관,플랫폼분쟁조정위,최소주거보장법,수사심사관,사전위탁보호제
586,층간소음사후인증제,환경,정치,A,층간소음사후인증제,공직후보자역량자격시험,검주국가,탈핑크타이드,덧보고
587,카타팔케,종교 일반,교통,A,카타팔케,항로표지식별장치,국가지도통신차량,녹색해운항로,배꼽착륙
588,커필레이션,경제,복지,A,커필레이션,긴급민생지원금,농어민기본소득지원금,청년도전준비금,아이돌봄포인트
589,컴프테크,경제,법률,A,컴프테크,검찰정상화법,기부금특별법,국방유공자예우법,국가연구개발혁신법
590,케이칩스법,법률,서비스업,D,플랫폼운수사업,플랫폼운송면허,플랫폼운수사업자,케이칩스법,펫시터중개업
591,케이크플레이션,경제,정보ᆞ통신,B,여객자동차운송플랫폼,케이크플레이션,안티스티어링,안심전세앱,비지상통신망
592,코티지코어룩,복식,군사,E,원격사격무기통제체계,통합무기작전,전략장거리포,위기관리참모훈련,코티지코어룩
593,콰이어트퀴팅,사회 일반,음악,D,밀보드차트,새드팝,플러그엔비,콰이어트퀴팅,케이인니팝
594,콰이어트퀴팅족,사회 일반,법률,A,콰이어트퀴팅족,가족돌봄휴가연장법,양곡처리법,입법독주법,고특법
595,퀴어슬람,사회 일반,기계,D,자율방역로봇,근육옷감,유도슈트,퀴어슬람,자석발
596,퀸루블,경제,보건 일반,D,격리생활시설,생활방역체제,전자예방접종증명서,퀸루블,코비드일구
597,클릭코노미,경제,서비스업,B,해양레저호텔,클릭코노미,플랫폼운송면허,플랫폼운송중개사업,플랫폼운수사업
598,키드코어,복식,보건 일반,D,코비드일구,비말차단용마스크,생활치료센터,키드코어,마스크의무제
599,키드코어룩,복식,군사,E,위기관리참모훈련,원격사격무기통제체계,통합무기작전,전략장거리포,키드코어룩
600,타다진흥법,법률,동물,E,토마토뿔나방,유럽녹색꽃게,익티오티탄세베르넨시스,플레우로시스티티드,타다진흥법
601,탐욕인플레이션,경제,지구,D,기후테크,합성가뭄지수,안트로포퀴나스,탐욕인플레이션,암석플라스틱
602,탐욕플레이션,경제,정치,D,비례자매정당,비례연합공천,공직후보자역량자격시험,탐욕플레이션,위성비례정당
603,통합무기작전,군사,복식,D,가상세계패션,워터밤룩,꾸안꾸룩,통합무기작전,블록코어룩
604,퇴톡금지법,법률,건설,B,졸리컷,퇴톡금지법,재해취약주택,공간결정론,재해우려주택
605,트러소노믹스,경제,물리,E,교자성체,세미브리더,음향집게,교자성,트러소노믹스
606,티모시증후군,의학,천문,A,티모시증후군,다누리호,국가우주산업벨트,무인탐사헬기,킥스테이지
607,팁플레이션,경제,생명,B,행동후성유전학,팁플레이션,접시뇌,열대림생태학,디시브레인
608,펀커머스,경제,서비스업,B,플랫폼운수사업자,펀커머스,플랫폼운수사업,해양레저호텔,플랫폼운송중개사업
609,평균실종,사회 일반,의학,C,빗살모공,주간수술유닛,평균실종,도제담낭,결장협착증
610,평생학습휴직제,교육,생명,D,열대림생태학,접시뇌,행동후성유전학,평생학습휴직제,원형알엔에이
611,폐교장려금,교육,행정,B,공동주택사육허가제,폐교장려금,규제책임관제,임금직무정보시스템,고등직업교육거점지구지원사업
612,포토프레스세대,사회 일반,지구,A,포토프레스세대,기후테크,암석플라스틱,합성가뭄지수,국립지질유산센터
613,풍선갈등,정치,보건 일반,E,베타변이,지역필수의사제,그린패스,생활방역시스템,풍선갈등
614,한국멸시론자,사회 일반,군사,D,원격사격무기통제체계,전략장거리포,통합무기작전,한국멸시론자,위기관리참모훈련
615,합법파업보장법,법률,지구,D,국립지질유산센터,안트로포퀴나스,기후테크,합법파업보장법,암석플라스틱
616,합성가뭄지수,지구,정보ᆞ통신,B,공공금융플랫폼,합성가뭄지수,푸드큐아르코드,유스앱,실재감테크
617,해양레저호텔,서비스업,정보ᆞ통신,E,다중궤도위성,블랙키워드,개인경계선,갈고리즘,해양레저호텔
618,히트플레이션,경제,교통,B,국가지도차량,히트플레이션,녹색해운항로,메타모빌리티,무진동항온항습차
619,가속주의자,사회 일반,의학,A,가속주의자,빗살모공,자기공명탄성검사,전정수도관확장증후군,감염병전담요양병원
620,갈고리즘,정보ᆞ통신,천문,A,갈고리즘,국가우주산업벨트,다누리호,무인탐사헬기,피코플레어
621,감속주의자,사회 일반,지구,A,감속주의자,합성가뭄지수,국립지질유산센터,암석플라스틱,안트로포퀴나스
622,갓무직,사회 일반,환경,A,갓무직,기후인지예산제,기후행동지수,기후기술허브,대기정체지수
623,개식용종식특별법,법률,생명,D,원형알엔에이,접시뇌,행동후성유전학,개식용종식특별법,디시브레인
624,검수저,사회 일반,법률,D,재산비례벌금제,국가연구개발혁신법,재난시기상가임대료감면법,검수저,검찰정상화법
625,계약형지역필수의사제도,보건 일반,의학,E,조력존엄사,전정수도관확장증후군,에바스증후군,거점전담병원의무지정기한,계약형지역필수의사제도
626,교권미투,사회 일반,교통,A,교권미투,배꼽착륙,항로표지식별장치,무진동항온항습차,국가지도통신차량
627,교권보험,경제,교육,E,학교폭력전담조사관제,학부모안심학년제,폐교장려금,계약정원제,교권보험
628,교자성,물리,서비스업,D,펫시터중개업,해양레저호텔,플랫폼운송중개사업,교자성,플랫폼운수사업자
629,교자성체,물리,경제,D,비화이트리스트,탄소중립직불제,잼테크,교자성체,그리드플레이션
630,구독플레이션,경제,정치,D,비례연합공천,비호감선거,조비이락,구독플레이션,풍선갈등
631,국고만능론,경제,복식,E,스키코어,홈오피스웨어,뉴머니룩,발레코어,국고만능론
632,권역의사인력뱅크,행정,동물,C,호랑무늬딱총새우,익티오티탄세베르넨시스,권역의사인력뱅크,제주남방밤달팽이,토마토뿔나방
633,규제책임관,행정,의학,D,전정수도관확장증후군,슈퍼면역자,빗살모공,규제책임관,수리감염역학
634,규제책임관제,행정,환경,B,글로벌메탄서약,규제책임관제,지구열대화,기후인지예산제,층간소음사후인증제
635,그랜파코어,복식,의학,D,에바스증후군,빗살모공,근원환자,그랜파코어,티모시증후군
636,그랜파코어룩,복식,보건 일반,A,그랜파코어룩,사스코로나바이러스이,아세틸글리신,필수의료패키지,생활방역시스템
637,그린래시,환경,기계,A,그린래시,근육옷감,약제배송로봇,자율방역로봇,전자성능추적시스템
638,극험지,정치,전기ᆞ전자,C,자기토커,으뜸효율가전,극험지,엑사전자볼트,광자력계
639,나체추심,경제,교통,D,국가지도차량,배꼽착륙,액화수소열차,나체추심,메타모빌리티
640,낙수과,의학,법률,C,국가인재양성기본법,몰수보호시설,낙수과,국가자원안보특별법,검수원복법
641,뉴머니룩,복식,의학,E,반강성고정술,거점전담병원의무지정기한,티모시증후군,빗살모공,뉴머니룩
642,다산난사,경제,법률,C,검수완박법,기본소득토지세,다산난사,약물치유법원,로켓정산법
643,다차원피로도척도,의학,정치,C,비례신당,비호감선거,다차원피로도척도,극험지,비례연합정당
644,대디핏,복식,법률,B,농접근권,대디핏,틱톡강제매각법,전세사기특별법,테무차단법
645,동탄룩,복식,보건 일반,A,동탄룩,백신국가책임제,재택치료키트,사스코로나바이러스이,네버코비드족
646,동탄미시룩,복식,의학,A,동탄미시룩,수리감염역학,비침습연속혈당진단기,국가돌봄병원,근원환자
647,디토사회,사회 일반,복지,C,재난생활안정자금,긴급재난생활비,디토사회,재난생활지원금,기본재난소득
648,디토소비,경제,경영,A,디토소비,녹색위장행위,태그니티마케팅,완전전자주주총회,리파운더
649,딩콰드,사회 일반,지구,B,기후테크,딩콰드,안트로포퀴나스,국립지질유산센터,합성가뭄지수
650,리파운더,경영,전기ᆞ전자,C,자기토커,엑사전자볼트,리파운더,광자력계,회생저항장치
651,바이브세션,경제,전기ᆞ전자,B,광자력계,바이브세션,으뜸효율가전,회생저항장치,엑사전자볼트
652,배터리환경성계수,환경,정보ᆞ통신,C,인체인터넷,다중궤도위성,배터리환경성계수,비디오언어모델,생성에이아이
653,버라이어티가격전략,경제,환경,C,기후기술허브,글로벌스톡테이크,버라이어티가격전략,기후행동지수,배터리환경성계수
654,범용일반인공지능,정보ᆞ통신,교육,B,학부모안심학년,범용일반인공지능,이학습터,학교폭력전담조사관제,폐교장려금
655,보더리스족,사회 일반,정보ᆞ통신,A,보더리스족,실재감테크,양자난수생성기술,안티스티어링,비전파운데이션모델
656,분초사회,사회 일반,천문,C,피코플레어,국가우주정책연구센터,분초사회,다누리호,국가우주산업벨트
657,블랙키워드,정보ᆞ통신,기계,C,유도슈트,자석발,블랙키워드,신호처리박스,근육옷감
658,블로케트,복식,환경,A,블로케트,기후인지예산제,통합수질지수,기후영향사업,아기기후소송
659,비둘기룩,복식,생명,A,비둘기룩,열대림생태학,원형알엔에이,행동후성유전학,디시브레인
660,비디오언어모델,정보ᆞ통신,복지,E,내집마련리츠주택,피해회복국가책임제,재가요양복지사,긴급고용안정자금,비디오언어모델
661,비전언어모델,정보ᆞ통신,동물,B,푼타데바카스잎귀쥐,비전언어모델,호랑무늬딱총새우,토마토뿔나방,유럽녹색꽃게
662,비전파운데이션모델,정보ᆞ통신,기계,C,전자성능추적시스템,자율방역로봇,비전파운데이션모델,자석발,신호처리박스
663,비지상통신망,정보ᆞ통신,법률,A,비지상통신망,해풍법,수소사회형성법안,양곡공산화법,케이칩스법
664,비침습연속혈당진단기,의학,경제,A,비침습연속혈당진단기,종합지급결제사업,임차인등록제,브이노믹스,디토소비
665,빅헬퍼,사회 일반,생명,D,행동후성유전학,열대림생태학,디시브레인,빅헬퍼,원형알엔에이
666,빗살모공,의학,천문,E,국가우주산업벨트,피코플레어,피코플레어제트,무인탐사헬기,빗살모공
667,빵서기관,행정,정보ᆞ통신,A,빵서기관,실재감테크,안티알고리즘,비지상통신망,호모프롬프트
668,사회누리소통망,매체,경영,B,태그니티마케팅,사회누리소통망,완전전자주주총회,리파운더,녹색위장행위
669,상업지역총량제,법률,산업 일반,D,고소절연작업차,국가전략기술제품,국가첨단전략산업,상업지역총량제,국가첨단전략기술
670,서이초특별법,법률,건설,B,졸리컷,서이초특별법,재해우려주택,해오름권광역자족거점,공간결정론
671,선금특례제,행정,전기ᆞ전자,B,광자력계,선금특례제,엑사전자볼트,회생저항장치,으뜸효율가전
672,선원구하라법,법률,정보ᆞ통신,E,갈고리즘,알고스피크,안심전세포털,여객자동차운송플랫폼,선원구하라법
673,세월호참사지원법,법률,정치,E,비례위성정당,탈핑크타이드,공직후보자역량자격시험,비례연합공천,세월호참사지원법
674,세종법원법,법률,경영,A,세종법원법,리파운더,완전전자주주총회,태그니티마케팅,녹색위장행위
675,세종지법설치법,법률,경영,D,녹색위장행위,완전전자주주총회,태그니티마케팅,세종지법설치법,리파운더
676,소득이동통계,사회 일반,법률,A,소득이동통계,국가인재양성기본법,검사임용개혁법,케이칩스법,공정벌금제
677,숏챗,매체,서비스업,D,펫시터중개업,해양레저호텔,플랫폼운송면허,숏챗,플랫폼운수사업
678,순금챌린지,경제,산업 일반,A,순금챌린지,국가첨단전략기술,국가전략기술제품,국가첨단전략산업,고소절연작업차
679,순환경제사회법,법률,서비스업,C,해양레저호텔,플랫폼운송중개사업,순환경제사회법,플랫폼운송면허,플랫폼운수사업자
680,슈퍼에이징시대,사회 일반,건설,C,공간결정론,재해취약주택,슈퍼에이징시대,재해우려주택,해오름권광역자족거점
681,스키코어,복식,복지,C,국민내일배움카드,영아피난제도,스키코어,긴급청년수당,아동양육쿠폰
682,스키코어룩,복식,법률,E,국가유산기본법,기초연금확대법,반도체산업강화법,세종지법설치법,스키코어룩
683,스트림플레이션,경제,복식,E,스키코어룩,동탄룩,동탄미시룩,키드코어,스트림플레이션
684,시간가중평균환율,경제,복식,C,그랜파코어룩,스핏후드,시간가중평균환율,워터밤룩,비둘기룩
685,신바벨시대,사회 일반,의학,D,푹스디스트로피,결장협착증,주간수술유닛,신바벨시대,췌도부전증
686,싱글노믹스,경제,전기ᆞ전자,D,광자력계,자기토커,엑사전자볼트,싱글노믹스,으뜸효율가전
687,안티알고리즘,정보ᆞ통신,건설,C,재해우려주택,재해취약주택,안티알고리즘,해오름권광역자족거점,쿠키컷
688,양자비트플랫폼,정보ᆞ통신,환경,D,기후기술허브,탄소중립시민회의,글로벌스톡테이크,양자비트플랫폼,무인적조관측시스템
689,얼음과식증,심리,복식,C,뉴머니룩,릴렉스코지룩,얼음과식증,그랜파코어,스키니피케이션
690,엑사전자볼트,전기ᆞ전자,경영,C,태그니티마케팅,리파운더,엑사전자볼트,녹색위장행위,완전전자주주총회
691,여성전략특구,정치,생명,E,열대림생태학,접시뇌,디시브레인,행동후성유전학,여성전략특구
692,역슈링크,경제,생명,E,행동후성유전학,디시브레인,원형알엔에이,열대림생태학,역슈링크
693,연쇄상구균독성쇼크증후군,의학,경영,B,태그니티마케팅,연쇄상구균독성쇼크증후군,녹색위장행위,리파운더,완전전자주주총회
694,연체지속률,경제,복식,B,릴렉스코지룩,연체지속률,대디핏,블록코어룩,스키니피케이션
695,영아피난제,복지,물리,E,세미브리더,음향집게,교자성체,교자성,영아피난제
696,영아피난제도,복지,의학,C,거점전담병원의무지정기한,비침습연속혈당진단기,영아피난제도,결장협착증,면역대리지표
697,예술활동준비금,복지,법률,D,양곡공산화법,한우법,도심복합개발특별법,예술활동준비금,국가전략기술육성특별법
698,예타완박법,법률,서비스업,E,플랫폼운수사업자,펫시터중개업,해양레저호텔,플랫폼운송면허,예타완박법
699,오송지하차도참사,사회 일반,군사,B,전략장거리포,오송지하차도참사,위기관리참모훈련,원격사격무기통제체계,통합무기작전
700,오송참사,사회 일반,환경,E,지구열대화,글로벌메탄서약,아기기후소송,통합수질지수,오송참사
701,오피스코어룩,복식,서비스업,B,플랫폼운수사업자,오피스코어룩,플랫폼운송면허,플랫폼운송중개사업,해양레저호텔
702,온디바이스폰,정보ᆞ통신,천문,D,국가우주정책연구센터,피코플레어,다누리호,온디바이스폰,피코플레어제트
703,온센서에이아이,정보ᆞ통신,교육,B,온학교교육회복학습지원,온센서에이아이,학교폭력전담조사관,학부모안심학년,군졸교과서
704,완전전자주주총회,경영,음악,D,플러그엔비,새드팝,밀보드차트,완전전자주주총회,케이인니팝
705,외국환평형관리기금,경제,사회 일반,C,실감문화공간,딩콰드,외국환평형관리기금,닭피부모,안티인스타
706,외식테크,정보ᆞ통신,기계,B,전자성능추적시스템,외식테크,신호처리박스,자석발,약제배송로봇
707,우유관리관,행정,군사,B,통합무기작전,우유관리관,위기관리참모훈련,전략장거리포,원격사격무기통제체계
708,우유사무관,행정,산업 일반,D,국가첨단전략기술,국가전략기술제품,국가첨단전략산업,우유사무관,고소절연작업차
709,우유서기관,행정,보건 일반,E,초저온회복처치기,지역필수의사제,마스크의무제,더블링확진,우유서기관
710,워터밤룩,복식,환경,C,글로벌메탄서약,지구열대화,워터밤룩,글로벌스톡테이크,아기기후소송
711,원격사격무기통제체계,군사,지구,C,안트로포퀴나스,국립지질유산센터,원격사격무기통제체계,합성가뭄지수,암석플라스틱
712,원형알엔에이,생명,정보ᆞ통신,E,호모프롬프트,범용일반인공지능,파이브지위성다중연결망,양자비트플랫폼,원형알엔에이
713,위기임신보호출산법,법률,건설,D,공간결정론,쿠키컷,재해우려주택,위기임신보호출산법,졸리컷
714,유럽녹색꽃게,동물,천문,B,다누리호,유럽녹색꽃게,킥스테이지,피코플레어,국가우주정책연구센터
715,유스앱,정보ᆞ통신,지구,A,유스앱,암석플라스틱,국립지질유산센터,기후테크,안트로포퀴나스
716,육아몰입기간,사회 일반,교통,E,국가지도통신차량,배꼽착륙,국가지도차량,액화수소열차,육아몰입기간
717,육아이행률,사회 일반,지구,A,육아이행률,암석플라스틱,국립지질유산센터,안트로포퀴나스,기후테크
718,육아친화주택,사회 일반,정보ᆞ통신,A,육아친화주택,유스앱,생성형에이아이,호모프롬프트,온센서에이아이
719,이머니토큰,경제,물리,A,이머니토큰,세미브리더,교자성,교자성체,음향집게
720,이분도체육,농업,경영,E,태그니티마케팅,완전전자주주총회,리파운더,녹색위장행위,이분도체육
721,이음연령,교육,군사,B,원격사격무기통제체계,이음연령,전략장거리포,위기관리참모훈련,통합무기작전
722,이형두릅,식물,정치,D,문화워싱,탄핵만능주의,풍선갈등,이형두릅,국폭01
723,익티오티탄세베르넨시스,동물,서비스업,A,익티오티탄세베르넨시스,플랫폼운송중개사업,플랫폼운수사업,해양레저호텔,플랫폼운수사업자
724,인태대화,정치,법률,A,인태대화,기본소득토지세,케이칩스법,소부장특별법,환형유치율
725,임차인등록제,경제,경영,D,태그니티마케팅,녹색위장행위,완전전자주주총회,임차인등록제,리파운더
726,저출생세,행정,경제,A,저출생세,소부장산업,런치플레이션,개인대주제도,바이브세션
727,전관용역,사회 일반,물리,A,전관용역,교자성체,세미브리더,교자성,음향집게
728,전세사기피해자법,법률,복지,D,재난구조수당,양육쿠폰,소상공인방역지원금,전세사기피해자법,긴급재난수당
729,제주남방밤달팽이,동물,교통,A,제주남방밤달팽이,메타모빌리티,무진동항온항습차,국가지도통신차량,녹색해운항로
730,조비이락,정치,행정,D,차령공제율,빵서기관,약자동행지수,조비이락,신속통로제
731,존재지속심,불교,행정,A,존재지속심,소방직무제,행정카르텔,신속통로제,공익기능증진직불제
732,졸리컷,건설,서비스업,B,플랫폼운수사업자,졸리컷,해양레저호텔,플랫폼운수사업,플랫폼운송면허
733,주식가치연동현금,경제,음악,B,플러그엔비,주식가치연동현금,케이인니팝,밀보드차트,새드팝
734,주저세대,사회 일반,교육,A,주저세대,온학교교육회복학습지원,평생학습휴직제,이음연령,계약정원제
735,중대범죄신상정보법,법률,물리,A,중대범죄신상정보법,교자성,음향집게,교자성체,세미브리더
736,중심지역관서제,행정,정치,E,여성전략특구,비례위성당,덧보고,국폭01,중심지역관서제
737,증빙어음,경제,산업 일반,A,증빙어음,국가첨단전략산업,국가전략기술제품,고소절연작업차,국가첨단전략기술
738,지구열대화,환경,물리,E,교자성,교자성체,세미브리더,음향집게,지구열대화
739,지방분권균형발전법,법률,천문,C,국가우주산업벨트,피코플레어제트,지방분권균형발전법,무인탐사헬기,킥스테이지
740,지역필수의사제,보건 일반,물리,A,지역필수의사제,교자성,교자성체,세미브리더,음향집게
741,지역필수의사제도,보건 일반,물리,B,세미브리더,지역필수의사제도,음향집게,교자성,교자성체
742,집단항명수괴죄,법률,물리,A,집단항명수괴죄,교자성체,세미브리더,교자성,음향집게
743,집단항명죄,법률,군사,D,통합무기작전,위기관리참모훈련,전략장거리포,집단항명죄,원격사격무기통제체계
744,채상병법,법률,교육,C,폐교장려금,이학습터,채상병법,학교폭력전담조사관,채식선택제
745,채상병특검법,법률,교통,A,채상병특검법,녹색항로,메타모빌리티,액화수소열차,항로표지식별장치
746,철도지하화통합개발법,법률,사회 일반,B,성범죄백서,철도지하화통합개발법,주저세대,육아몰입기간,육아이행률
747,청정경제협정,경제,의학,D,비침습연속혈당진단기,근원환자,국가돌봄병원,청정경제협정,슈퍼면역자
748,초격차기술특례,경제,복식,E,스핏후드,비둘기룩,키드코어,스키니피케이션,초격차기술특례
749,초광역특별시,행정,경제,D,선학개미,스가노믹스,탐욕인플레이션,초광역특별시,베이스시프트
750,초일가점,경제,보건 일반,D,레지던스트랙,백신여권,생활방역수칙,초일가점,마스크키핑족
751,초저온회복처치기,보건 일반,행정,A,초저온회복처치기,수사심사관,공익기능증진직불금,재량간주시간근로제,공동주택사육허가제
752,췌도부전증,의학,경제,D,왝플레이션,이머니토큰,연체지속률,췌도부전증,다산난사
753,치킨노조법,법률,경영,E,녹색위장행위,태그니티마케팅,완전전자주주총회,리파운더,치킨노조법
754,케이인니팝,음악,지구,E,합성가뭄지수,안트로포퀴나스,국립지질유산센터,기후테크,케이인니팝
755,코스피이백위클리커버드콜에이티엠지수,경제,서비스업,E,플랫폼운수사업,플랫폼운송중개사업,펫시터중개업,해양레저호텔,코스피이백위클리커버드콜에이티엠지수
756,쿠키컷,건설,경영,E,녹색위장행위,완전전자주주총회,리파운더,태그니티마케팅,쿠키컷
757,클린임대인제도,행정,의학,C,감염병전담요양병원,푹스디스트로피,클린임대인제도,이동선별진료,반강성고정술
758,클린임대제,행정,사회 일반,B,디토사회,클린임대제,콰이어트퀴팅족,평균실종,지역재생잠재력지수
759,키슐랭,사회 일반,환경,E,기후기술허브,무인적조관측시스템,통합수질지수,기후영향사업,키슐랭
760,킥스테이지,천문,군사,D,전략장거리포,원격사격무기통제체계,위기관리참모훈련,킥스테이지,통합무기작전
761,킹무직,사회 일반,정치,E,연개특위,비호감선거,비례위성당,조비이락,킹무직
762,탄핵만능주의,정치,건설,C,쿠키컷,공간결정론,탄핵만능주의,해오름권광역자족거점,재해우려주택
763,탄핵만능주의자,정치,정보ᆞ통신,D,알고스피크,온디바이스폰,외식테크,탄핵만능주의자,갈고리즘
764,탈쿠팡족,사회 일반,천문,C,다누리호,국가우주정책연구센터,탈쿠팡족,무인탐사헬기,킥스테이지
765,탈팡족,사회 일반,기계,B,약제배송로봇,탈팡족,전자성능추적시스템,근육옷감,자율방역로봇
766,탈핑크타이드,정치,물리,C,세미브리더,교자성체,탈핑크타이드,음향집게,교자성
767,테무차단법,법률,지구,A,테무차단법,국립지질유산센터,안트로포퀴나스,기후테크,합성가뭄지수
768,토마토뿔나방,동물,복식,E,동탄미시룩,오피스코어룩,워터밤룩,그랜파코어,토마토뿔나방
769,통공매,법률,의학,D,거점접종센터,췌도부전증,국가돌봄병원,통공매,반강성고정술
770,투어플레이션,경제,행정,C,지방소멸대응기금,의무공공기여,투어플레이션,권역의사인력뱅크,플랫폼분쟁조정위
771,틱톡강제매각법,법률,복식,C,키드코어룩,할미룩,틱톡강제매각법,스키코어룩,발레코어
772,평화누리특별자치도,지명,생명,A,평화누리특별자치도,디시브레인,원형알엔에이,열대림생태학,행동후성유전학
773,포괄소득화,경제,기계,B,유도슈트,포괄소득화,전자성능추적시스템,자율방역로봇,신호처리박스
774,표준학급수,교육,복식,E,홈오피스웨어,스키코어,동탄룩,스핏후드,표준학급수
775,푸드큐아르,정보ᆞ통신,산업 일반,B,국가첨단전략기술,푸드큐아르,고소절연작업차,국가전략기술제품,국가첨단전략산업
776,푸드큐아르코드,정보ᆞ통신,정치,D,문화워싱,비례위성당,국폭01,푸드큐아르코드,연개특위
777,푹스디스트로피,의학,기계,E,약제배송로봇,자율방역로봇,신호처리박스,자석발,푹스디스트로피
778,푼타데바카스잎귀쥐,동물,물리,D,음향집게,세미브리더,교자성,푼타데바카스잎귀쥐,교자성체
779,플러그엔비,음악,경영,B,리파운더,플러그엔비,완전전자주주총회,태그니티마케팅,녹색위장행위
780,플레우로시스티티드,동물,생명,C,열대림생태학,접시뇌,플레우로시스티티드,원형알엔에이,디시브레인
781,피코플레어,천문,법률,C,몰수보호시설,주폭방지법,피코플레어,자원안보법,가덕도신공항건설을위한특별법
782,피코플레어제트,천문,의학,A,피코플레어제트,주간수술유닛,조력존엄사,빗살모공,국가돌봄병원
783,필수의료유지명령,행정,군사,E,위기관리참모훈련,통합무기작전,원격사격무기통제체계,전략장거리포,필수의료유지명령
784,필수의료패키지,보건 일반,음악,B,케이인니팝,필수의료패키지,새드팝,밀보드차트,플러그엔비
785,학교폭력전담조사관,교육,정보ᆞ통신,E,호모프롬프트,공공금융플랫폼,비전언어모델,비지상통신망,학교폭력전담조사관
786,학교폭력전담조사관제,교육,생명,D,접시뇌,열대림생태학,디시브레인,학교폭력전담조사관제,행동후성유전학
787,한우법,법률,교통,B,액화수소열차,한우법,메타모빌리티,녹색항로,배꼽착륙
788,한우사업법,법률,복식,C,코티지코어룩,비둘기룩,한우사업법,블록코어룩,뉴머니룩
789,합가보류,행정,복식,D,그랜파코어룩,그랜파코어,코티지코어룩,합가보류,뉴머니룩
790,항로표지식별장치,교통,생명,C,디시브레인,접시뇌,항로표지식별장치,원형알엔에이,행동후성유전학
791,해병대원특검법,법률,사회 일반,C,인플루언서블세대,롤코족,해병대원특검법,유튜버공화국,법카농단
792,해풍법,법률,서비스업,A,해풍법,해양레저호텔,플랫폼운수사업자,플랫폼운송면허,펫시터중개업
793,행동후성유전학,생명,사회 일반,E,기근바이러스,소득이동통계,잘파세대,일자리도약장려금,행동후성유전학
794,행정카르텔,행정,사회 일반,A,행정카르텔,콰이어트퀴팅족,평균실종,육아이행률,킹무직
795,헥사하이드로칸나비헥솔,약학,의학,A,헥사하이드로칸나비헥솔,거점접종센터,수정체낭절개술,거점전담병원의무지정기한,췌도부전증
796,호랑무늬딱총새우,동물,보건 일반,B,혼합검사법,호랑무늬딱총새우,생활치료센터,마스크오부제,레지던스트랙
797,호모프롬프트,정보ᆞ통신,천문,C,국가우주산업벨트,국가우주정책연구센터,호모프롬프트,피코플레어제트,킥스테이지
798,환형유치율,법률,경영,C,리파운더,태그니티마케팅,환형유치율,녹색위장행위,완전전자주주총회
799,회생저항장치,전기ᆞ전자,음악,B,새드팝,회생저항장치,플러그엔비,케이인니팝,밀보드차트
800,희소비만증,의학,음악,A,희소비만증,밀보드차트,새드팝,케이인니팝,플러그엔비
