IDX,연번,수집 연도,단어 형성법,용례 (표제어 [MASK]),용례 어절 수,뜻풀이,의미 범주,정답 (표제어),혼동 오답,비고,형태소 분석,빈도(네이버 + 비네이버),상위 30%
KN2020-0031,1,2020,축약,¶[MASK]나 지잡대 등의 차별적인 혐오 발언이 온라인을 중심으로 유행처럼 번졌다.,10,"‘국민들의 평균은 5등급‘을 줄여 이르는 말. 국민의 평균적인 지능이 수능 점수의 중간값인 5등급을 받는 수준이라는 뜻으로, 주로 상대방을 폄하하며 비난조로 이르는 말이다.",〔사회생활〕,국평오,평균 국민,,국민+평균+오,22,
KN2020-0035,2,2020,혼성,¶코로나19의 확산으로 마스크 수요가 폭증하면서 마스크가 [MASK]라는 말도 나오고 있다.,10,금에 맞먹을 만큼 비싸고 귀한 마스크. 코로나19의 확산으로 마스크 품귀 현상이 발생하며 나타난 말이다.,〔경제생활〕,금스크,프리미엄 마스크,,금+마스크,189,
KN2020-0077,3,2020,축약,¶인기 배우 OOO이 광고 없이 [MASK]으로 구매했다는 제품의 판매량이 지난달에 비해 크게 증가했다.,13,"‘내 돈 주고 내가 삼’을 줄여 이르는 말. 주로 특정 제품의 사용 후기를 남길 때, 그 제품을 생산한 업체로부터 광고비를 일절 받지 않고 스스로 구매하여 남기는 솔직한 후기라는 사실을 강조하여 이르는 말이다.",〔경제생활〕,내돈내산,자비 구매,,내+돈+내+사다,310,상위 30%
KN2020-0082,4,2020,혼성,¶OOO 씨는 “요즘 [MASK]의 매력에 푹 빠져 매일 먹고 있다. 설탕을 뿌린 것처럼 달콤하고 맛있다.”라고 말했다.,16,일반적인 토마토에 비해 당도가 더 높은 토마토. 다량의 감미 성분을 포함하고 있는 스테비아를 이용하여 재배한 것으로 열량이 낮고 당도가 높다는 특징을 가진다.,〔식생활〕,단마토,체리 토마토,,달다+토마토,310,상위 30%
KN2020-0087,5,2020,혼성,¶한 식당이 코로나19로 경제적 어려움을 겪는 취약 계층을 위해 수익을 기부했다는 사실이 알려지자 누리꾼들이 “이런 곳은 지갑으로 [MASK]을 내주겠다.”라며 누리 소통망 서비스(SNS)를 통해 구매 인증 숏을 올리기 시작했다.,28,공익을 위해서 자발적으로 착한 행동을 한 가게 혹은 기업의 제품을 소비함으로써 그 행동을 격려하는 일을 이르는 말. ‘돈’과 ‘혼쭐내다’의 ‘혼쭐’을 결합하여 반어적으로 나타낸 말이다.,〔경제생활〕,돈쭐,착한 소비,,돈+혼쭐,310,상위 30%
KN2020-0088,6,2020,축약,¶코로나19로 인한 계속된 [MASK]에 지친 가정주부들을 위해 유통업계에서 다양한 반찬 상품들을 내놓았다.,12,"‘돌아서면 밥 차리고 또 돌아서면 밥을 차림’을 줄여 이르는 말. 코로나19의 확산과 그에 따른 사회적 거리 두기의 시행으로 인해 가족 구성원들이 집에서 아침밥, 점심밥, 저녁밥을 모두 먹는 일이 많아지자 매끼 식사를 직접 준비하는 가정주부의 고됨을 표현한 말이다.",〔식생활〕,돌밥돌밥,돌싱 모임,,돌아서다+밥+돌아서다+밥,310,상위 30%
KN2020-0094,7,2020,혼성,¶코로나19로 인해 실내 운동에 대한 부담이 커지면서 최근 20대ㆍ30대 중심의 [MASK]들이 증가하고 있다.,13,등산을 시작한 지 얼마 되지 않은 사람을 이르는 말. ‘등산’과 ‘어린이’를 합친 말이다. 코로나19의 확산을 방지하기 위해 실내에서 하는 활동의 많은 부분에서 제약이 생기자 여가 활동으로 등산에 관심을 가지기 시작한 사람들이 늘어나는 상황에서 나온 말이다.,〔삶〕,등린이,등산 초보,,등산+어린이,310,상위 30%
KN2020-0113,8,2020,혼성,"¶마스크값이 금값이라는 말이 생길 정도로 마스크값이 오르자, 마스크와 비트코인을 합쳐 [MASK]이라는 말까지 등장하였다.",13,나날이 올라가는 마스크 가격을 가상 화폐 비트코인에 빗대어 이르는 말. 코로나19의 확산으로 마스크의 가격이 치솟자 생겨난 말이다.,〔경제생활〕,마코인,코로나 필수품,,마스크+비트코인,10,
KN2020-0114,9,2020,혼성,¶한 도시에서 지역 음식점을 발굴하기 위해 해당 지역을 기반으로 하는 [MASK]를 찾고 있다.,13,먹는 방송을 주제로 하는 동영상 공유 서비스 채널을 이르는 말.,〔사회생활〕,먹튜브,쿡방,용례 맥락 부족,먹다+유튜브,89,
KN2020-0115,10,2020,혼성,¶코로나바이러스 감염증-19의 장기화로 [MASK]에 대한 우려가 높다.,7,공동체 전체에 정신적인 트라우마가 전염병처럼 유행하는 현상. 코로나19로 사회ㆍ경제적 손실 및 우울감이 전 세계적으로 확산되며 생겨난 말이다.,〔보건ㆍ의학〕,멘탈데믹,코로나 우울,용례 맥락 부족,멘탈+팬데믹,259,
KN2020-0151,11,2020,혼성,¶최근 오랜 집콕 생활에서 벗어나 산을 오르려는 [MASK]들이 늘어나면서 덩달아 아웃도어 브랜드의 매출이 증가하고 있다.,15,산에 오르기 시작한 지 얼마 되지 않은 사람. ‘산’과 ‘어린이’를 결합하여 만든 말로 등산 초보자를 의미한다. 코로나19의 확산을 방지하기 위해 실내에서 하는 활동의 많은 부분에서 제약이 생기자 여가 활동으로 등산에 관심을 가지기 시작한 사람들이 늘어나는 상황에서 나온 말이다.,〔삶〕,산린이,등산 초보,,산+어린이,310,상위 30%
KN2020-0236,12,2020,축약,¶불금인데 [MASK]?,2,‘오늘 저녁 치킨 고’를 줄여 이르는 말. 주로 치킨을 함께 먹을 것을 권할 때 쓰는 말이다.,〔식생활〕,오저치고,치킨,,오늘+저녁+치킨+고,85,
KN2020-0237,13,2020,혼성,"¶[MASK]과 포케팅, 둘 다 실패했어요.",5,"온라인 쇼핑몰에서, 저렴하게 판매하는 오징어를 사기 위해 한꺼번에 많은 사람이 몰려 경쟁이 벌어지는 일을 이르는 말. 2020년 3월 30일, 코로나19로 인한 재난 상황으로 경제적 어려움을 겪는 어민을 돕기 위해 지자체와 유통업계가 협력하여 마련한 행사에서 비롯하였다.",〔경제생활〕,오케팅,마케팅,,오징어+티케팅,310,상위 30%
KN2020-0243,14,2020,혼성,¶정부에서는 코로나19 확산 방지를 위해 전체 교육을 [MASK]로 진행한다고 밝혔다.,10,온라인상으로 다른 사람과 접촉함. 코로나19의 확산을 방지하기 위해 온라인으로 하는 활동이 일반화되는 상황에서 나온 말이다.,〔사회생활〕,온택트,비대면,용례 맥락 부족,온라인+콘택트,310,상위 30%
KN2020-0244,15,2020,혼성,¶조리법대로 양념을 배합하는 것조차 어려운 [MASK]라도 이 소스만 있으면 식당에서 만든 것 같은 맛을 낼 수 있다.,17,요리를 처음 시작하거나 요리에 익숙하지 않은 사람을 이르는 말. 코로나19의 확산과 그에 따른 사회적 거리 두기의 시행으로 인해 외식을 하는 대신 집에서 요리하는 일에 관심을 가지기 시작한 사람들이 늘어나는 상황에서 나온 말이다.,〔삶〕,요린이,산린이,,요리+어린이,310,상위 30%
KN2020-0258,16,2020,혼성,¶비슷한 또래에 비해 더 젊어 보이게 꾸미는 [MASK]들이 늘고 있다.,10,자기 자신을 꾸며 나이보다 젊어 보이는 성인.,〔인간〕,유덜트,키덜트,,유스풀+어덜트,8,
KN2020-0269,17,2020,축약,¶계속 오르는 집값에 불안해하며 지금 집을 사겠다고 나서는 것도 30대이고 [MASK]이라고 말하는 것도 30대이다.,14,‘이번 생에 내 집 마련은 망했음’을 줄여 이르는 말. 주택의 가격이 급격히 오름에 따라 젊은 사람들이 스스로의 힘으로 주택을 사는 일이 점점 더 어려워지는 현실을 자조적으로 이르는 말이다.,〔경제생활〕,이생집망,이생망,,이번+생+집+망하다,310,상위 30%
KN2020-0304,18,2020,축약,"¶아무리 [MASK]라고 하지만, 10대들조차 부동산 시장에 뛰어드는 것은 너무 심하다.",10,‘젊을 때 집을 사라’를 줄여 이르는 말. 집을 사는 것이 점점 어려워질 것이라는 불안감에 젊은 세대들이 빚을 내서 내 집 마련에 뛰어드는 현상에서 비롯된 말이다.,〔경제생활〕,젊집사,젊은 집사,,젊다+집+사다,2,
KN2020-0310,19,2020,축약,¶최근 게시물 [MASK]이에요.,3,"‘좋아요 반사’를 줄여 이르는 말. 누군가가 자신의 게시물에 ‘좋아요’를 누르면, 나도 상대방의 게시물에 ‘좋아요’를 누르겠다는 것을 말한다.",〔사회생활〕,좋반,좋아요 반응,용례 맥락 부족,좋다+반사,38,
KN2020-0322,20,2020,축약,¶청약 당첨의 벽을 넘지 못한 실수요자 사이에 [MASK]가 확산되고 있다.,10,"‘청약은 무슨, 피 주고 사라’를 줄여 이르는 말. 아파트 청약의 경쟁률이 높아지면서 청약 당첨을 통해 아파트를 구입하기 어려워진 상황을 말한다.",〔경제생활〕,청무피사,청년 무관심,,청약+무슨+프리미엄+사다,80,
KN2020-0324,21,2020,혼성,¶얼핏 보면 촌스럽지만 한번 빠지게 되면 헤어 나오기 힘든 마성의 [MASK]로 시청자들을 사로잡는 캐릭터가 탄생했다.,15,세련됨이 없이 어수룩한 데가 있지만 매력적인 남성 캐릭터를 이르는 말.,〔인간〕,촌므파탈,팜므파탈,,촌+옴므파탈,310,상위 30%
KN2020-0329,22,2020,혼성,¶[MASK]도 쉽게 설치할 수 있는 텐트 추천 부탁드립니다.,8,캠핑을 즐기기 시작한 지 얼마 되지 않아 캠핑과 관련된 활동에 서툰 사람. 코로나19의 확산을 방지하기 위해 실내에서 하는 활동의 많은 부분에서 제약이 생기자 여가 활동으로 캠핑에 관심을 가지기 시작한 사람들이 늘어나는 상황에서 나온 말이다.,〔삶〕,캠린이,산린이,,캠핑+어린이,310,상위 30%
KN2020-0332,23,2020,혼성,¶곧이어 치러지는 총선에서 새롭게 국회에 입성할 이른바 [MASK]들에 많은 사람들이 기대와 우려의 시선을 던지고 있다.,15,‘코로나돌이’를 줄여 이르는 말.,〔정치와 행정〕,코돌이,확진자,,코로나+돌이,310,상위 30%
KN2020-0367,24,2020,혼성,¶코로나19 사태가 일어나기 전의 일상을 이어 나가는 사람이 거의 없다 해도 과언이 아닌 현재의 상황은 이른바 [MASK]라는 말로 대신할 수 있다.,21,코로나19로 인해 코로나19 사태 이전의 평범한 일상생활로 되돌아가기 힘든 상황을 종말에 빗대어 이르는 말.,〔삶〕,코로나칼립스,아포칼립스,,코로나+아포칼립스,2,
KN2020-0369,25,2020,혼성,¶[MASK]의 직격탄을 맞으면서 생계 위기로 내몰리는 사람들이 급증하고 있어 정부의 시급한 대책이 요구된다.,13,코로나19가 경제 활동에 미치는 영향을 이르는 말. 코로나19를 뜻하는 ‘코로나(coronavirus)’와 경제를 뜻하는 ‘이코노미(economy)’를 결합하여 만든 말이다.,〔경제생활〕,코로노미,팬데믹 경제,용례 맥락 부족,코로나+이코노미,112,
KN2020-0376,26,2020,혼성,¶대면 접촉에 대한 불안감이 증폭되며 [MASK]가 일상화되자 유통업계도 이를 겨냥한 마케팅 전략을 마련해 대응하고 있다.,15,코로나19로 인해 사람들이 외부 활동을 제한받음으로 인해 영향을 받는 경제 상황을 이르는 말.,〔경제생활〕,큐코노미,큐레이션 경제,,쿼런틴+이코노미,58,
KN2020-0380,27,2020,혼성,¶주위를 둘러보니 안경을 낀 이들 대부분이 성에를 이유로 [MASK]를 하고 있었다.,11,마스크를 올바르게 착용하지 않고 턱에 걸치는 것을 이르는 말. 여러 사람이 모이는 장소에서는 코로나19의 확산을 방지하기 위해 마스크가 입과 코를 완전히 덮도록 착용해야 한다는 정부의 방역 지침에 어긋나는 행위이다.,〔삶〕,턱스크,마스크,,턱+마스크,310,상위 30%
KN2020-0389,28,2020,혼성,¶[MASK]이라는 신조어까지 유행시키며 인터넷 강원도 감자 구매 열풍을 일으킨 특판전이 곧 종료된다.,12,코로나19로 어려워진 감자 농가를 돕기 위해 강원도에서 판매하는 감자를 사는 것을 치열한 경쟁을 벌이며 공연 표를 예매하는 것에 빗대어 이르는 말.,〔경제생활〕,포켓팅,오케팅,,포테이토+티케팅,267,
KN2020-0395,29,2020,혼성,¶호텔을 방불케 하는 인테리어와 최신 사양의 컴퓨터. 여기에 다양한 음식을 시켜 먹을 수 있으니 [MASK]가 따로 없다.,17,피시방에서 보내는 휴가.,〔삶〕,피캉스,워케이션,용례 맥락 부족,피시방+바캉스,65,
KN2020-0403,30,2020,혼성,¶코로나19의 영향으로 가족이 집에서 함께 즐기는 [MASK]를 찾는 경향이 강해졌다.,10,집에서 즐기는 오락물을 이르는 말. 코로나19로 인해 외부 활동에 제약이 생기면서 사용되는 말이다.,〔삶〕,홈테인먼트,집 오락물,,홈+엔터테인먼트,310,상위 30%
KN2021-0004,31,2021,축약,¶유명 유튜버가 인권 감수성이 떨어지는 콘텐츠를 올리자 수많은 구독자들이 [MASK]를 외치며 해당 채널을 떠났다.,14,‘가치관과 불일치하면 구독을 취소함’을 줄여 이르는 말. 자신의 가치관과 미디어 콘텐츠의 가치관이 일치하지 않으면 해당 채널의 구독을 취소함을 이르는 말이다.,〔사회생활〕,가불구취,구매 가능,,가치관+불일치하다+구독+취소하다,28,
KN2021-0019,32,2021,축약,¶한 변호사 단체는 [MASK]의 방향성은 찬성하지만 사회적 합의와 속도 조절이 필요하다는 의견을 내었다.,13,"‘검찰의 수사권을 완전히 박탈함’을 줄여 이르는 말. 검찰은 법률에서 정한 예외적인 경우에 한해 수사 업무를 수행하며, 기소 및 공판 업무를 전담한다는 것이 주요 내용이다.",〔정치와 행정〕,검수완박,검찰 개혁,용례 맥락 부족,검찰+수사권+완전히+박탈하다,310,상위 30%
KN2021-0022,33,2021,혼성,¶최근 [MASK]로 활약하고 있는 배우가 착용한 골프 장갑이 시장 점유율 1위를 차지한 것으로 조사되었다.,14,골프와 관련한 의견이나 정보를 소셜 미디어에 공유하여 대중에게 영향을 미치는 사람.,〔인간〕,골플루언서,스포츠 인플루언서,,골프+인플루언서,310,상위 30%
KN2021-0024,34,2021,혼성,¶딱딱하고 경직되었던 공공 기관의 문화가 [MASK]들에 의해 변화될 조짐을 보이고 있다.,11,"공공 기관에서 일하는 엠제트(MZ) 세대를 이르는 말. ‘공공 기관’의 첫 음절인 ‘공’, ‘밀레니엄 세대’의 첫머리 문자인 엠(M)을 활용한 ‘민’, ‘제트 세대’의 제트(Z)를 활용한 ‘지’를 결합하여 만든 말로 , 최근 공공 기관에 채용되어 일하는 1980년대 초부터 2000년대 초반에 태어난 세대를 이르는 말이다.",〔사회생활〕,공민지,신세대,,공공기관+엠지,310,상위 30%
KN2021-0025,35,2021,혼성,¶코로나19의 확산으로 실내 헬스장이 문을 닫자 야외에 있는 [MASK]에서 간단한 운동을 하는 사람들이 늘었다.,14,"운동 기구를 갖추어 놓은 공원을 이르는 말. ‘공원’과 ‘헬스장’을 결합하여 만든 말로, 코로나19의 확산 상황에서 실내에서 운동할 수 있는 시설들의 영업이 제한되자 주목받기 시작했다.",〔삶〕,공스장,공개 스튜디오,,공원+헬스장,82,
KN2021-0030,36,2021,혼성,¶[MASK]은 권위를 내세우기보다 밀레니얼 세대를 인정하고 공감해 주며 세대 간의 갈등을 해소하고 있다.,13,밀레니얼의 윗 세대이면서도 밀레니얼 세대와 소통하고 교감하는 능력이 있는 중장년 세대. ‘함께 구(俱)’와 ‘밀레니얼 세대’를 뜻하는 ‘밀레니얼’을 결합하여 만든 말이다.,〔사회생활〕,구레니얼,구세대,,구+밀레니얼,3,
KN2021-0033,37,2021,축약,¶OO 식품에서 새로 나온 라면이 “[MASK]을 유발한다.”라며 소비자들로부터 긍정적인 반응을 얻고 있다.,12,"‘군침이 싹 돎’를 줄여 이르는 말로, 군침이 돌 만큼 맛있어 보이는 음식을 두고 하는 말.",〔식생활〕,군싹,군대 생존,,군침+싹,66,
KN2021-0046,38,2021,축약,¶바이크 온라인 커뮤니티의 한 사람은 “2기통을 타면 4기통이 그립고 4기통을 타면 2기통이 그립다.”라며 [MASK]를 계속하는 마음을 표현했다.,17,‘기기 변경’과 ‘기기 추가’를 아울러 이르는 말. 자동차ㆍ자전거 따위의 이동 수단의 기기에 대해 계속해서 변경이나 추가를 하는 행위를 이르는 말이다.,〔사회생활〕,기변기추,기기 변경,,기기+변경+기기+추가,0,
KN2021-0053,39,2021,혼성,"¶가상 화폐의 가치가 최근 급격히 높아지자 가상 화폐에 투자해 큰 수익률을 자랑하는 사람들이 있는 반면, “그때 살걸.”, “그때 팔지 말걸.”과 같은 후회로 가득찬 [MASK]들의 하소연도 속출하고 있다.",27,자신이 하는 말에 아쉬움을 나타내는 종결 어미 ‘-ㄹ걸’을 앵무새처럼 반복하여 붙여 말하는 사람. 주로 주식이나 가상 화폐 따위의 경제적인 투자와 관련해 투자 시기나 매입ㆍ매도 규모 등을 반복적으로 후회하는 사람을 이르는 말이다.,〔경제생활〕,껄무새,앵무새,,ㄹ걸+앵무새,144,
KN2021-0055,40,2021,혼성,¶고양이를 좋아하는 누리꾼들은 산책을 하고 샤워를 좋아하는 고양이를 키우는 연예인 OOO 씨가 “[MASK]를 맞았다.”라며 부러움 섞인 반응을 보였다.,18,"고양이를 키우는 상황이 운이 좋음을 비유적으로 이르는 말. 일반적으로 고양이들이 싫어하는 산책이나 옷 착용, 샤워 따위의 활동을 거부하지 않는 고양이를 키우는 상황에서 나온 말이다.",〔삶〕,냥또,로또,,냥이+로또,15,
KN2021-0056,41,2021,축약,¶최근 취업 준비생들이 전통적인 대기업보다 [MASK]를 더 선호한다는 설문 결과가 나왔다.,11,"대형 아이티 기업 ‘네이버, 카카오, 라인, 쿠팡, 배달의 민족’을 아울러 이르는 말. 각 기업의 앞 글자를 따 만들어진 말이다.",〔사회생활〕,네카라쿠배,IT 기업,용례 맥락 부족,네이버+카카오+라인+쿠팡+배달의민족,310,상위 30%
KN2021-0057,42,2021,축약,¶[MASK]는 복지 수준과 연봉이 높아 직장인들 사이에서 꿈의 직장으로 불린다.,10,"대형 아이티 기업 ‘네이버, 카카오, 라인, 쿠팡, 배달의 민족, 당근 마켓, 토스’를 아울러 이르는 말. 각 기업의 앞 글자를 따 만들어진 말이다.",〔사회생활〕,네카라쿠배당토,대기업,용례 맥락 부족,네이버+카카오+라인+쿠팡+배달의민족+당근+토스,310,상위 30%
KN2021-0058,43,2021,축약,¶[MASK]의 개발자 초봉이 국내 대기업 과장 연봉보다 높다는 말도 있다.,10,"대형 아이티 기업 ‘네이버, 카카오, 라인, 쿠팡, 배달의 민족, 당근 마켓, 토스, 직방, 야놀자’를 아울러 이르는 말. 각 기업의 앞 글자를 따 만들어진 말이다.",〔사회생활〕,네카라쿠배당토직야,IT 대기업,용례 맥락 부족,네이버+카카오+라인+쿠팡+배달의민족+당근+토스+직방+야놀자,42,
KN2021-0066,44,2021,축약,¶내가 치킨 메뉴를 고민하고 있을 때 젊은 직원들은 한목소리로 [MASK]를 외쳤다.,11,‘당연히 모든 치킨은 옳음’을 줄여 이르는 말. 모든 치킨은 맛있기 때문에 메뉴를 고를 때 고민할 필요가 없다는 의미이다.,〔식생활〕,당모치,모임 당첨,,당연히+모든+치킨,38,
KN2021-0068,45,2021,혼성,¶한 전문가는 최근 국민들이 우리나라를 [MASK]라고 칭하는 것을 단순한 조롱이 아니라 정책에 대한 우려를 뜻하는 것으로 해석해야 한다고 말했다.,19,"‘대한민국’과 ‘베네수엘라’를 결합하여 만든 말로, 우리나라 정부의 정책이 베네수엘라의 실패한 정책을 닮아 간다는 말.",〔정치와 행정〕,대네수엘라,베네수엘라,,대한민국+베네수엘라,29,
KN2021-0070,46,2021,축약,"¶부동산이 호황일 때에는 다들 [MASK]라고 하더니, 이제는 아파트를 살 때는 꼼꼼하게 비교한 후 신중하게 구매하라고 조언한다.",16,‘대충 팔고 대충 사.’를 줄여 이르는 말. 부동산 가치는 항상 오르기 때문에 따지지 말고 사야 한다는 의미이다.,〔사회생활〕,대팔대사,건성,,대충+팔다+대충+사다,10,
KN2021-0082,47,2021,축약,¶공모주라고 해서 당연히 [MASK]을 기록할 것이라는 기대를 안고 무작정 투자해서는 안 된다.,12,주식 시장에서 신규 상장 종목이 공모가 대비 두 배의 시초가를 형성하고 이틀 연속으로 상한가를 기록하는 일.,〔경제생활〕,따상상,상한가,용례 맥락 부족,따블+상+상,310,상위 30%
KN2021-0083,48,2021,축약,¶증시 침체로 인해 전년도에 비해 [MASK]을 기록하는 신규 상장주들은 찾기 어렵다.,11,주식 시장에서 신규 상장 종목이 공모가 대비 두 배의 시초가를 형성하고 사흘 연속으로 상한가를 기록하는 일.,〔경제생활〕,따상상상,연속 상한가,용례 맥락 부족,따블+상+상+상,310,상위 30%
KN2021-0084,49,2021,축약,¶맑고 시원한 요즘 같은 날씨가 [MASK]다.,6,‘딱 내 스타일’을 줄여 이르는 말.,〔인간〕,딱내스,제격,용례 맥락 부족,딱+내+스타일,3,
KN2021-0086,50,2021,축약,¶한여름 [MASK]를 타고 해안 도로를 달리는 기분은 말로 표현할 수 없을 정도이다.,12,‘뚜껑이 따지는 자동차’를 줄여 이르는 말. 자동차 지붕을 접거나 따로 떼어 낼 수 있도록 만든 차를 의미한다.,〔사회생활〕,뚜따,스포츠카,용례 맥락 부족,뚜껑+따다,104,
KN2021-0087,51,2021,혼성,¶EBS 인기 캐릭터 뚝딱이는 유튜브를 통해 [MASK]들과 새롭게 소통하고 있다.,10,"교육 방송 이비에스(EBS) 캐릭터 ‘뚝딱이’와 ‘동년배’를 결합하여 만든 말로, 1994년 이비에스(EBS) <딩동댕 유치원>을 보고 자란 1980년대 후반에서 90년대에 태어난 사람. 또는 그런 나이.",〔인간〕,뚝년배,동년배,,뚝딱이+동년배,5,
KN2021-0089,52,2021,축약,¶이렇게까지 오를 줄은 몰랐는데 정말 [MASK]이네요.,6,‘라고 말할 때 살걸.’을 줄여 이르는 말. 주로 주식 시장에서 본인이 투자하지 않은 종목의 가격이 크게 올라 아쉬움을 나타낼 때 쓴다.,〔경제생활〕,라할살,후회막심,,라고+말하다+사다,3,
KN2021-0092,53,2021,축약,¶그 사람과는 온라인상에서 '좋아요'를 누르는 [MASK]이라서 실제로 만나면 어색할 것 같다.,11,‘랜선상에서는 친하지만 실제로는 안 친한 사이’를 줄여 이르는 말.,〔사회생활〕,랜친실안,온라인 친구,,랜선+친하다+실제로+안,2,
KN2021-0106,54,2021,혼성,¶실외 마스크 착용 의무화가 해제되었지만 [MASK]이라는 소리를 들을까 두려워 마스크를 벗지 못하는 사람들이 적지 않다.,15,실제 모습보다 마스크를 쓴 모습이 더 나은 사람을 속되게 이르는 말. '마스크'와 '사기꾼'을 결합하여 만든 말이다. 코로나19의 전 세계적인 유행으로 인하여 마스크를 일상적으로 착용하게 된 상황에서 나온 말이다.,〔인간〕,마기꾼,사기꾼,,마스크+사기꾼,310,상위 30%
KN2021-0107,55,2021,축약,¶[MASK]를 할 때는 마스크 필터 훼손에 주의해야 한다.,8,‘마스크 꾸미기’를 줄여 이르는 말. 코로나19의 전 세계적인 유행으로 인하여 마스크를 일상적으로 착용하게 된 상황에서 나온 말이다.,〔의생활〕,마꾸,외모 꾸미기,,마스크+꾸미다,132,
KN2021-0108,56,2021,혼성,¶여러 화장품 회사들이 장시간 마스크 착용으로 인해 생긴 [MASK]을 해결하기 위한 신제품을 앞다퉈 출시했다.,14,오랜 시간 마스크를 착용해서 생긴 여드름. 코로나19의 전 세계적인 유행으로 인하여 마스크를 일상적으로 착용하게 된 상황에서 나온 말이다. =마스크네.,〔인간〕,마드름,여드름,,마스크+여드름,19,
KN2021-0109,57,2021,혼성,¶건조한 겨울에는 [MASK]가 더 잘 생길 수 있기 때문에 피부 세안과 보습에 더욱 신경 써야 한다.,16,오랜 시간 마스크를 착용해서 생긴 여드름. ‘마스크’와 여드름을 뜻하는 영어 단어 ‘아크네(acne)’를 결합하여 만든 말이다. 코로나19의 전 세계적인 유행으로 인하여 마스크를 일상적으로 착용하게 된 상황에서 나온 말이다. =마드름.,〔인간〕,마스크네,피부염,용례 맥락 부족,마스크+아크네,226,
KN2021-0110,58,2021,축약,"¶주연 배우는 영화에 대한 짧은 소개 후 ""[MASK].""라는 말과 함께 손 하트를 날렸다.",13,‘많은 관심 부탁’을 줄여 이르는 말.,〔사회생활〕,많관부,관심 요청,,많다+관심+부탁,310,상위 30%
KN2021-0111,59,2021,축약,¶80% 이상의 초특가 세일을 하는 물건을 사기 위해서는 [MASK]를 하고 기다려야 한다.,12,"‘먹이를 노리는 매의 눈’을 줄여 이르는 말로, 기회를 엿보거나 결정적인 순간을 놓치지 않기 위해 집중하는 모습.",〔인간〕,먹노매,집중,,먹이+노리다+매,19,
KN2021-0116,60,2021,축약,"¶올 한해 개인 투자자들이 가장 많이 매수한 주식 4위가 이 회사라는데, [MASK]?",12,‘뭐 하는 회사야?’ 또는 ‘뭐라도 하겠지. 회사인데.’를 줄여 이르는 말. 주로 특정 회사의 주가 관련 정보를 다른 투자자에게 물어보고 답할 때 사용하는 말이다. ‘머하회’로 쓰기도 한다.,〔경제생활〕,뭐하회,무능한 회사,,뭐+하다+회사,1,
KN2021-0120,61,2021,축약,¶최근 일반인들 사이에서도 [MASK]를 찍는 것이 유행이다.,7,‘바디 프로필’을 줄여 이르는 말. 운동과 식단 조절을 통해 탄탄한 몸매를 만든 뒤 사진을 촬영해 기념하는 것을 말한다.,〔삶〕,바프,프로필 사진,용례 맥락 부족,바디+프로필,310,상위 30%
KN2021-0123,62,2021,축약,"¶코로나19의 확산으로 집에 있는 시간이 길어지면서, 파티션과 수납장을 통해 방을 정리하거나 화사한 무늬의 커튼을 치는 등 [MASK]가 유행하고 있다.",19,‘방 꾸미기’를 줄여 이르는 말. 커튼이나 수납장 등 방에 필요한 제품을 새로 배치하거나 장식하는 것을 통해 방 안을 꾸미는 행위를 이르는 말이다. 코로나19로 인해 외부 활동을 하기 어려워진 상황에서 생겨난 말이다.,〔주생활〕,방꾸,인테리어,,방+꾸미다,310,상위 30%
KN2021-0124,63,2021,축약,"¶두 남녀의 설레는 분위기가 담긴 해당 영상을 시청한 누리꾼들은 “심쿵.”, “[MASK]를 하라고 해 놓고 이러면 어떡해….” 등의 다양한 반응을 보였다.",20,‘방송은 방송으로만 봐라.’를 줄여 이르는 말. 방송에서 이루어진 가상의 일을 실제와 혼동하지 말라는 뜻으로 쓰는 말이다.,〔사회생활〕,방방봐,현실 구분,,방송+방송+보다,40,
KN2021-0143,64,2021,축약,¶검찰의 수사권 박탈은 [MASK]을 초래할 것이라는 주장도 있다.,8,‘부패가 완전히 판을 침’을 줄여 이르는 말.,〔정치와 행정〕,부패완판,완전 부패,,부패+완전히+판,310,상위 30%
KN2021-0145,65,2021,혼성,"¶코로나19로 인해 많은 것이 변화하고 있는 가운데, 지능형 자동화가 이끄는 초자동화가 [MASK]의 핵심이라고 여겨진다.",14,바이러스로 인한 감염병 확산이 야기한 일련의 경제 현상을 이르는 말. 코로나19가 전 세계적으로 유행한 상황에서 나온 말이다.,〔경제생활〕,브이노믹스,바이러스 경제,,바이러스+이코노믹스,310,상위 30%
KN2021-0148,66,2021,축약,¶영업 제한 조치로 카페에서 늦게까지 공부하는 것이 어려워지자 [MASK]을 위해 공부하는 사람들은 빵집으로 몰렸다.,14,"‘빵집에서 하는 공부’를 줄여 이르는 말. 코로나19의 확산 상황에서 카페의 영업이 일부 제한되자, 기존에 카페에서 공부하던 사람들이 영업 제한 기준이 상대적으로 낮은 빵집으로 몰리며 생겨난 말이다.",〔교육〕,빵공,카공,,빵집+공부,12,
KN2021-0153,67,2021,혼성,¶문을 닫은 체육 시설 대신에 산 중턱에 운동 기구가 설치되어 있는 [MASK]에 사람들이 모이고 있다.,15,"등산로 입구나 산 중턱에 조성된 실외 헬스장. ‘산’과 ‘헬스장’을 결합하여 만든 말로, 코로나19의 확산 상황에서 실내에서 운동할 수 있는 시설들의 영업이 제한되자 주목받기 시작했다.",〔삶〕,산스장,헬스장,,산+헬스장,310,상위 30%
KN2021-0162,68,2021,혼성,¶엠제트 세대는 이른바 [MASK]로서의 가치관을 가지고 있어 명품에 대한 중고 거래도 거리낌 없이 하는 경향이 있다.,16,당장의 편의가 아니라 경제적 낭비 혹은 환경적 낭비를 줄여 지속 가능한 소비를 추구하는 소비자. 중고 거래를 선호하거나 자원의 재활용 등을 실천한다는 것이 특징이다.,〔경제생활〕,세컨슈머,지속 가능 소비,,세컨드+컨슈머,43,
KN2021-0164,69,2021,혼성,¶[MASK]은 넘쳐 나는 콘텐츠들 속에서 짧고 강렬한 자극을 원하는 소비자를 공략하는 효과적인 마케팅 방법으로 주목받고 있다.,16,유행에 민감한 소비자를 사로잡기 위해 단기간 내에 치고 빠지는 방식으로 이루어지는 마케팅.,〔경제생활〕,숏케팅,단기 마케팅,,숏+마케팅,28,
KN2021-0167,70,2021,축약,¶배우 OOO은 자신의 에스엔에스(SNS)에 [MASK]이라는 말과 함께 여러 장의 사진을 업로드하였다.,11,‘쉽게만 살아가면 재미없어 빙고’를 줄여 이르는 말. 혼성 그룹 거북이의 히트곡인 ‘빙고’의 가사로 만든 말이다.,〔문화〕,쉽살재빙,빙고,용례 맥락 부족,쉽다+살아가다+재미없다+빙고,26,
KN2021-0168,71,2021,혼성,¶[MASK]는 아베노믹스를 계승하되 추가적인 성장 전략들을 포함할 것이라는 전망이 나온다.,10,"일본의 99대 내각 총리대신 스가 요시히데가 시행한 경제 정책. 경제의 안정화를 목표로, 지방 경제 활성화 및 소비 활성화를 위한 최저 임금 인상 따위를 실시하였다.",〔정치와 행정〕,스가노믹스,일본 경제,,스가+이코노믹스,60,
KN2021-0173,72,2021,축약,¶여러 편의 시리즈 영화를 30분 남짓의 요약 영상으로 즐겨 보는 것이 [MASK]의 대표적인 예라고 할 수 있다.,17,‘시간 대비 심리적 만족의 비율’을 줄여 이르는 말. 어떤 재화나 서비스를 구입하여 소비하는 데 투자한 시간에서 기대할 수 있는 심리적인 만족도를 말한다.,〔인간〕,시심비,가성비,,시간+심리적+비율,49,
KN2021-0174,73,2021,혼성,"¶코로나19의 확산과 사회적 거리 두기의 시행 이후, 기성세대만의 취미 활동으로 여겨졌던 원예가 [MASK]라는 이름으로 젊은 세대에게도 인기를 끌고 있다.",19,식물을 시중들듯이 정성스럽게 돌보고 기르는 사람을 비유적으로 이르는 말. 코로나19의 확산으로 인해 외부 활동을 하기보다는 집에 머무르며 식물을 기르는 사람들이 많아지는 상황에서 나온 말이다.,〔삶〕,식집사,식물 키우기,,식물+집사,310,상위 30%
KN2021-0175,74,2021,축약,¶[MASK]는 엠제트 세대에게 최근 들어 새롭게 사랑받고 있는 꾸미기 테마다.,10,‘신발 꾸미기’를 줄여 이르는 말. 신발 표면에 그림을 그리거나 장식품을 부착하는 등 신발을 꾸미는 일을 뜻한다.,〔의생활〕,신꾸,장식,,신발+꾸미다,310,상위 30%
KN2021-0177,75,2021,축약,¶사실 이 영상은 예전에 올린 적이 있었는데 [MASK]로 하루 만에 내렸던 비운의 작업물이다.,13,‘싫어요 테러.’를 줄여 이르는 말. 누리 소통망 서비스나 인터넷 방송 플랫폼 따위에서 많은 사람들이 조직적으로 자신들의 마음에 들지 않거나 동의하지 않는 내용의 게시물을 찾아가 ‘싫어요’ 버튼을 누르는 행위를 이른다.,〔사회생활〕,싫테,악성 댓글,,싫다+테러,5,
KN2021-0178,76,2021,축약,¶온라인 게임은 이용자들의 [MASK]을 방지하고 게임 회사의 이익을 늘리는 방향으로 변화해 왔다.,12,‘게임 아이템을 팔아서 쌀을 사 먹음’을 줄여 이르는 말. 온라인 게임 따위에서 현금을 받고 계정이나 아이템 등을 팔아 생계유지할 정도로 돈을 버는 행위를 이른다.,〔경제생활〕,쌀먹,현질,,쌀+먹다,250,
KN2021-0180,77,2021,축약,¶자산 시장 상승기에는 [MASK]을 외치며 씀씀이에 거침이 없는 사람들이 늘어난다.,10,속담 ‘아끼다 똥 된다.’를 줄여 이르는 말. 무작정 아끼기만 하다가는 정작 필요할 때는 못 쓰게 된다는 뜻이다.,〔삶〕,아끼똥,절약,,아끼다+똥,19,
KN2021-0187,78,2021,축약,¶요즘 세대들은 다수의 사람들이 좋은 평가를 한 물건이라고 해도 [MASK]라면 사지 않는다.,12,‘내 스타일이 아님’을 줄여 이르는 말.,〔인간〕,안내스,비취향,,안+내+스타일,2,
KN2021-0195,79,2021,혼성,¶[MASK]에서 비롯된 사태가 향후 지역 사회에 얼마나 큰 파문을 일으킬지 가늠하기조차 어려운 상황이다.,13,"임직원들의 땅 투기를 부동산 투자라고 합리화한 한국 토지 주택 공사 직원의 발언을 ‘내로남불’에 빗대어 이르는 말. ‘내로남불’은 ‘내가 하면 로맨스, 남이 하면 불륜’을 줄여 이르는 말로, 다른 사람이 하면 비난할 행위를 자기가 할 때는 합리화하는 태도를 이르는 말이다. 한국 토지 주택 공사의 영문명 이니셜인 ‘엘에이치(LH)’의 모양이 ‘내로남불’의 ‘내’와 비슷하다는 점을 이용하여 풍자적으로 쓰는 말이다.",〔경제생활〕,엘에이치로남불,공공기관 특혜,,엘에이치+내로남불,0,
KN2021-0202,80,2021,축약,"¶청년들은 영혼까지 끌어모아서 집을 마련하고 싶어 하지만, 최근 불거진 땅 투기 사태와 관련해 [MASK]이라는 말까지 나온다고 한다.",17,‘영혼까지 털림’을 줄여 이르는 말. 부동산 가격이 급등하고 토지 개발과 관련된 일을 하는 사람들이 업무상 알게 된 정보를 활용하여 땅 투기를 한 의혹이 제기된 상황에서 성실하게 일해서 돈을 모으고 정당하게 대출을 받아 부동산을 마련하려는 사람들이 상대적 박탈감을 크게 느끼게 됨을 비유적으로 이르는 말이다.,〔인간〕,영털,완전 충격,,영혼+털리다,90,
KN2021-0204,81,2021,축약,¶젊은 세대 사이에는 자존감과 성취감을 높이기 위한 [MASK]이 중요한 키워드로 자리를 잡고 있다.,13,‘오늘 하루 운동’을 줄여 이르는 말. 매일 일상적으로 하는 운동을 가리키는 말이다.,〔삶〕,오하운,일일 운동,,오늘+하루+운동,310,상위 30%
KN2021-0205,82,2021,축약,¶유통업계에서는 본인의 취향이 확고하며 [MASK]를 강조하는 젊은 세대를 겨냥한 제품을 출시하고 있다.,12,‘완전 내 스타일’을 줄여 이르는 말. 어떤 것이 자신의 취향에 딱 맞음을 이르는 말이다.,〔인간〕,완내스,취향 저격,,완전+내+스타일,179,
KN2021-0213,83,2021,축약,"¶최근에는 개인 투자자들의 매수세가 대거 유입되면서 급격히 하락하던 증시를 단숨에 끌어올렸는데, 이런 상황에서 쓰는 말이 [MASK]이다.",16,‘이걸 말아 올림’을 줄여 이르는 말. 하락한 주가를 특정 투자 세력이 움직여서 끌어올릴 때 사용한다.,〔경제생활〕,이말올,유행어,,이것+말다+올리다,55,
KN2021-0214,84,2021,혼성,¶[MASK]는 식당 주인이 그날그날 구매한 재료에 따라 음식을 만들어 내므로 별도의 메뉴판이 없다.,13,"주방장이 만드는 특선 요리. 또는 그런 요리를 내놓는 음식점. 손님이 메뉴판에 적힌 일정한 음식을 주문하지 않고, 주방장이 그날그날의 상황에 따라 엄선하여 만든 음식을 손님에게 내놓는다. 식당이나 주점 따위에서 일하는 중년의 여성을 친근하게 부르는 말인 ‘이모’와 ‘오마카세’를 결합하여 만든 말이다.",〔식생활〕,이모카세,오마카세,용례 맥락 부족,이모+오마카세,310,상위 30%
KN2021-0215,85,2021,축약,"¶한국인이 치킨을 가장 적게 먹는 때는 가장 짧은 달인 2월이라는 얘기가 온라인상에 떠도는데, 농림 축산 식품부 자료를 보면 실제로 2월에 육계 도축 수가 가장 적은 것으로 나타나서 누리꾼들은 “[MASK]?”과 같은 반응을 보였다.",32,‘이게 왜 진짜임’을 줄여 이르는 말. 가짜라고 생각한 일이 알고 보니 진짜인 경우에 사용한다.,〔인간〕,이왜진,진짜,,이게+왜+진짜,247,
KN2021-0221,86,2021,축약,¶[MASK]이란 개인이나 기업이 자체 제작하여 인터넷상에서 공개하는 콘텐츠로 방송국 등에서 제작하는 프로그램과 구별하기 위해 사용하기 시작한 말이다.,17,‘자체 제작 콘텐츠’를 줄여 이르는 말.,〔문화〕,자콘,자기 콘텐츠,,자체+콘텐츠,310,상위 30%
KN2021-0224,87,2021,혼성,¶코로나19로 인해 예년에 비해 호텔을 찾는 사람들이 줄어들자 도심에 있는 호텔들은 [MASK]를 원하는 직장인들을 위한 서비스를 선보이고 있다.,18,호텔 객실에서 회사의 업무를 보는 일. ‘재택근무’와 ‘호텔’을 결합하여 만든 말이다. 코로나19의 확산으로 인해 회사에 출근하지 않고 온라인을 통해 비대면으로 업무를 보는 사람이 많아진 상황에서 나온 말이다.,〔사회생활〕,재텔근무,호캉스,,재택근무+호텔,105,
KN2021-0235,88,2021,축약,¶이제 팬들은 문화를 소비할 뿐만 아니라 능동적으로 문화를 만드는 주체가 되어 [MASK]을 외친다.,13,‘제가 당신을 슈퍼스타로 만들어 드릴게요.’를 줄여 이르는 말. 좋아하는 연예인이 더 높은 인기를 얻을 수 있도록 해당 연예인과 관련된 물건을 구매하는 등의 적극적인 행동을 하고자 하는 마음을 표현하는 말이다. 일본의 티브이(TV) 애니메이션 대사에서 유래하였다.,〔문화〕,제당슈만,팬 컨슈머,,제+당신+슈퍼스타+만들다,30,
KN2021-0236,89,2021,축약,¶구독자 여러분 사랑해요. 가시기 전에 [MASK]은 잊지 마세요.,8,"‘좋아요, 댓글, 구독, 알림 설정’을 줄여 이르는 말. 주로 유튜브 영상에서, 해당 영상의 조회 수를 높이기 위해 출연자가 시청자들에게 하는 말이다.",〔사회생활〕,좋댓구알,댓글,,좋다+댓글+구독+알림,285,
KN2021-0238,90,2021,축약,"¶우리 회사에서 이번 추석 선물은 한우 세트를 보내 준다고 하니, 다들 [MASK]!",12,"‘주소 불러.’를 줄여 이르는 말. 주로 문자 메시지나 채팅 따위를 통한 의사소통에서, 상대방에게 물건을 택배로 보내기 위해 상대방의 주소를 알려 달라는 뜻으로 쓰는 말이다. 간혹 온라인상에서 시비가 붙었을 때 상대방이 있는 곳에 직접 가서 물리적 충돌을 할 수도 있다는 의미를 위협적으로 전달하기 위해 쓰기도 한다.",〔사회생활〕,주불,주식 불패,,주소+부르다,310,상위 30%
KN2021-0254,91,2021,축약,¶뺑소니와 달리 [MASK]라는 말은 주차된 차를 들이박고 달아난다는 특정 상황에 한하여 사용된다.,12,"‘차를 박고 튀다.’를 줄여 이르는 말로, 주차되어 있는 다른 사람의 차를 들이박고 달아나는 일. 또는 그런 사람.",〔인간〕,차박튀,도주,,차+박다+튀다,1,
KN2021-0256,92,2021,혼성,"¶이날 코스닥 지수는 985.76포인트로 마감하며, [MASK]에 한발 더 다가갔다.",9,"코스닥 지수가 1,000포인트에 이르거나 1,000포인트를 넘어선 상태를 이르는 말.",〔경제생활〕,천스닥,주가 급등,,천+코스닥,310,상위 30%
KN2021-0258,93,2021,축약,¶거듭된 청약 실패로 인해 [MASK]로 눈을 돌리는 주택 수요자들이 늘고 있다.,11,"‘청약은 무슨, 구축이나 사.’를 줄여 이르는 말. 아파트의 값이 계속하여 오르는 상황에서, 신축 아파트의 청약은 당첨 확률이 낮으니 구축 아파트라도 사는 것이 낫다는 뜻으로 쓰는 말이다.",〔경제생활〕,청무구사,신축 아파트,,청약+무슨+구축+사다,2,
KN2021-0260,94,2021,혼성,¶[MASK]의 성지인 강원도에서는 산기슭마다 들어선 소담한 시골집들이 가득이다.,8,시골에서 보내는 휴가. 코로나19로 인해 사람이 많이 몰리는 휴가지를 피해 한적한 시골을 찾아 휴가를 즐기려는 사람들이 많아지는 상황에서 나온 말이다.,〔삶〕,촌캉스,농촌 휴가,,촌+바캉스,310,상위 30%
KN2021-0261,95,2021,혼성,¶[MASK]에 따라 국내 대표 반도체 기업들은 물론이고 소재 부품 등 반도체 관련 품목 시장 생태계 전체의 성장이 예상된다.,18,반도체의 공급 물량 부족으로 인해 반도체를 포함한 관련 품목들의 가격이 상승하는 현상.,〔경제생활〕,칩플레이션,반도체 인플레이션,,칩+인플레이션,269,
KN2021-0262,96,2021,축약,"¶[MASK]는 영화나 드라마 속 등장인물뿐만이 아니라, 자신이 좋아하는 연예인 등을 대상으로도 활발하게 이뤄진다.",13,"‘캐릭터 해석’을 줄여 이르는 말. 특정 인물의 성격이나 표정, 말투, 행동 특성 따위를 자세하게 파악하여 앞으로 어떻게 행동할지 예측하는 것을 이르는 말이다.",〔인간〕,캐해,캐릭터 분석,,캐릭터+해석,105,
KN2021-0263,97,2021,축약,¶연휴지만 메신저를 통해 [MASK]를 되뇌며 지인들과 또 한 번 다음을 기약하게 된다.,12,"‘코로나19가 끝나면 모이자.’를 줄여 이르는 말. 코로나19의 확산과 그에 따른 사회적 거리 두기의 시행으로 인해 대면 모임이 힘들어진 상황에서 나온 말로, 주로 누리 소통망 서비스 따위에서 인사말로 사용된다.",〔사회생활〕,코끝모,인사,,코로나+끝나다+모이다,11,
KN2021-0270,98,2021,혼성,"¶[MASK] 때문에 외출도 못 하고, 공연도 못 봐서 답답해 죽겠다.",10,‘코로나’를 달리 이르는 말. ‘코로나’는 ‘코로나바이러스 감염증 일구’를 일상적으로 이르는 말이다. 코로나19의 강한 전염성에 대한 우려와 장기화된 코로나19 사태에 대한 염증을 표현한다.,〔보건ㆍ의학〕,코세글자,감염병,,코로나+세글자,2,
KN2021-0271,99,2021,혼성,"¶턱스크나 [MASK] 등 입과 코를 완전히 가리지 않은 경우, 마스크를 착용하지 않은 것으로 간주되어 과태료가 부과될 수 있다.",18,마스크를 올바르게 착용하지 않고 코 아래로 내리는 것을 이르는 말. 여러 사람이 모이는 장소에서는 코로나19의 확산을 방지하기 위해 마스크가 입과 코를 완전히 덮도록 착용해야 한다는 정부의 방역 지침에 어긋나는 행위이다.,〔보건ㆍ의학〕,코스크,코로나 마스크,,코+마스크,310,상위 30%
KN2021-0273,100,2021,혼성,¶일부 지역에서는 밤 9시가 되기 직전에 가게에 들어가서 가게가 제한 시간 이후에도 영업을 계속하도록 유도한 뒤에 이를 신고하는 [MASK]가 등장했다.,20,코로나19의 감염과 확산을 막기 위해 시행되는 방역 수칙을 지키지 않는 사람을 신고하여 포상금을 받는 일. 또는 그런 일을 하는 사람.,〔정치와 행정〕,코파라치,방역 감시,,코로나+파파라치,140,
KN2021-0284,101,2021,혼성,¶코로나19가 종식되면 언택트 금융 거래가 다시 쇠퇴하는 것이 아니라 오히려 더 진화하여 [MASK]의 시대가 올 것이다.,16,온라인상에서 고객의 개인적인 취향이나 요구에 맞추어 서비스를 제공함. ‘…을 위한’을 의미하는 영어 단어 ‘포(for)’와 온라인상으로 다른 사람과 접촉함을 의미하는 ‘온택트’가 결합하여 이루어진 말이다. 코로나19의 확산을 방지하기 위해 온라인으로 하는 활동이 일반화되는 상황에서 나온 말이다.,〔경제생활〕,포택트,새로운 연결,,포+온택트,11,
KN2021-0285,102,2021,축약,¶OO은 새로운 스마트폰 출시를 맞아 다양한 액세서리도 함께 선보이며 [MASK]에 적극적인 젊은 층을 공략하고 있다.,15,‘폰 꾸미기’를 줄여 이르는 말. 휴대 전화에 스티커를 붙이거나 전용 액세서리를 부착하는 등으로 휴대 전화를 장식하는 행위를 이르는 말이다.,〔삶〕,폰꾸,커스터마이징,,폰+꾸미다,310,상위 30%
KN2021-0287,103,2021,축약,¶자신이 좋아하는 가수가 힘들어 보여 걱정된다는 내용의 게시글에 누리꾼들은 “다른 가수들도 모두 똑같다. 본인만 그런 것처럼 [MASK]은 그만해라.”라고 하는 등의 여러 댓글들을 남기며 갑론을박을 펼쳤다.,25,‘피해자 코스프레질’을 줄여 이르는 말. 피해자가 아닌 사람이 피해자인 척을 하는 것을 비하하는 말이다.,〔인간〕,피코질,유난,,피해자코스프레+질,2,
KN2021-0295,104,2021,혼성,¶할머니 감성에 관심이 많은 밀레니얼 세대는 [MASK]과 같은 해시태그를 통해 비슷한 취향을 가진 사람들과 소통한다.,15,"자신의 입맛, 패션 스타일 등의 취향이 할머니 같다는 사실을 공개적으로 밝히는 일. 늙은 여자가 손녀나 손자에게 자기 자신을 이르는 말인 ‘할미’와 ‘커밍아웃’을 결합하여 만든 말이다.",〔사회생활〕,할밍아웃,노년층,,할미+커밍아웃,14,
KN2021-0301,105,2021,혼성,¶[MASK]은 밀레니얼 세대에서도 자기만의 취향이 가장 뚜렷한 크리에이터를 주요 타깃으로 한다.,11,최신 트렌드에 밝으면서도 고유한 개성과 감각을 느낄 수 있는 백화점. 유행에 밝음을 의미하는 영어 단어 ‘힙(hip)’과 ‘백화점’을 결합하여 만든 말이다.,〔경제생활〕,힙화점,트렌디 매장,,힙+백화점,67,
KN2022-0007,106,2022,혼성,"¶“이것도 가짜.”, “저것도 가짜.”라고만 하는 [MASK]랑은 대화하기가 어렵다.",8,‘모든 게 가짜’라고 주장하는 사람을 이르는 말.,〔인간〕,가짜무새,앵무새,,가짜+앵무새,1,
KN2022-0008,107,2022,축약,¶13개의 피해자 단체로 구성된 [MASK]은 그동안 피해자들이 요구했던 사항들에 대해 기업의 합당한 배상이 없었다며 아쉬움을 나타냈다.,16,‘가습기 살균제 합의를 위한 피해자 단체’를 줄여 이르는 말. 가습기 살균제로 인한 피해 회복을 위하여 13개의 피해자 단체로 구성되었다.,〔사회생활〕,가피단,연합회,용례 맥락 부족,가습기살균제+피해자+단체,28,
KN2022-0013,108,2022,혼성,¶국내의 감자 가격이 갑자기 많이 오르자 소비자들 사이에서는 암호 화폐의 시세처럼 감자 가격이 불안정하다는 의미로 [MASK]이라는 말도 나온다.,18,감자의 가격이 암호 화폐의 시세처럼 불안정하다는 것을 비유적으로 이르는 말. ‘감자’와 암호 화폐를 뜻하는 ‘비트코인’을 결합하여 만든 말이다.,〔경제생활〕,감트코인,비트코인,,감자+비트코인,2,
KN2022-0014,109,2022,혼성,"¶회사측은 반려견이 사람보다 체온이 높고 무더위에 취약하여 반려견용 기능성 제품을 제작하게 되었고, 사람 내의와 디자인이 비슷하다는 점에서 [MASK]라는 별칭을 붙였다고 하였다.",21,개가 입는 내의를 이르는 말. ‘개’와 속옷을 뜻하는 ‘메리야스’를 결합하여 만든 말이다.,〔의생활〕,개리야스,메리야스,,개+메리야스,310,상위 30%
KN2022-0018,110,2022,축약,¶여야가 합의한 [MASK]은 검찰이 수사권을 가지고 있는 6대 범죄 중 경제 및 부패 범죄는 한시적으로 남겨 두고 대형 참사와 선거ㆍ공직자ㆍ방위 사업 범죄는 박탈하는 것을 골자로 한다.,26,‘검찰의 수사권을 단계적으로 박탈함’을 줄여 이르는 말. 검찰이 수사권을 가진 6대 범죄 중 4개 분야를 이관하고 2대 범죄에 해당하는 부패 및 경제 범죄로 수사권을 축소하는 것이 주요 내용이다.,〔정치와 행정〕,검수단박,검수완박,,검찰+수사권+단계적+박탈하다,23,
KN2022-0019,111,2022,축약,¶O 위원은 한국에서 검찰의 직접 수사가 지나치게 많이 이루어지고 있으므로 검수완박은 부당하지만 [MASK]은 옳은 방향이라고 주장하였다.,16,‘검찰의 수사권을 더 박탈함’을 줄여 이르는 말. 검찰의 수사권을 현재보다 더 제한해야 한다는 주장이다.,〔정치와 행정〕,검수더박,검찰 개혁,,검찰+수사권+더+박탈하다,3,
KN2022-0020,112,2022,축약,¶개정안에는 검찰의 6대 범죄에 대한 수사권 중 부패 및 경제 범죄로 축소한 내용이 포함되었기 때문에 검찰 수사권의 완전 박탈이 아닌 [MASK]이라는 말까지 등장했다.,23,"‘검찰의 수사권을 덜 박탈함’을 줄여 이르는 말. 검찰의 직접 수사권의 범위를 축소하되, 일부 사전에 대해서는 수사도 가능하도록 조정하는 것을 말한다.",〔정치와 행정〕,검수덜박,검수완박,,검찰+수사권+덜+박탈하다,94,
KN2022-0023,113,2022,축약,"¶얼마 전 검사의 월급을 깎자는 내용의 법안이 화제를 모았는데, 언론은 이에 대해 검사 월급 완전 박탈이라는 의미에서 [MASK]이라고 불렀다.",19,‘검사의 월급을 완전히 박탈함’을 줄여 이르는 말. 검사의 보수 규정을 행정부의 공무원법 체계로 일원화하여 행정기관 간의 형평성을 도모하자는 내용을 담은 법안을 말한다.,〔정치와 행정〕,검월완박,검수완박,,검사+월급+완전히+박탈하다,37,
KN2022-0026,114,2022,축약,¶이번 인사 개편은 홍보와 정무 등에 집중되어 있고 인사나 법무 비서관 등의 검찰 출신은 문책을 받았다는 소식이 들리지 않아 [MASK]의 존재가 더욱 부각되고 있는 것으로 보인다.,26,‘검찰 출신의 핵심 관계자’를 줄여 이르는 말.,〔정치와 행정〕,검핵관,검사,,검찰+핵심+관계자,310,상위 30%
KN2022-0029,115,2022,축약,¶앞서 검찰이 검수완박 상황을 맞은 것과 비슷하게 경찰에게 [MASK] 상황이 발생할 것이라고 한다.,13,‘경찰의 수사권을 완전 박탈함’을 줄여 이르는 말.,〔정치와 행정〕,경수완박,검수완박,,경찰+수사권+완전히+박탈하다,67,
KN2022-0030,116,2022,축약,¶내각 인선은 능력을 중심에 두었다고 하지만 서울대 출신의 50대 남성을 뜻하는 서오남과 경상도 출신의 60대 남성을 일컫는 [MASK]이라는 비판을 의식하지 않을 수 없다.,23,‘경상도 출신의 육십 대 남자’를 줄여 이르는 말.,〔인간〕,경육남,오륙남,,경상도+육십+남자,152,
KN2022-0033,117,2022,축약,"¶내로남불, 달삼쓰뱉, [MASK] 등과 같은 네 글자 조합이 활개를 친다.",10,‘고생 끝에 낙이 온다’를 줄여 이르는 말.,〔삶〕,고끝낙온,고생 끝 낙이 옴,,고생+끝+낙+오다,3,
KN2022-0038,118,2022,축약,¶새롭게 출시된 빵은 베이글을 연상하게 하는 모양으로 고소하고 빵 위에 소금을 뿌려 [MASK]의 묘미를 살렸다.,15,‘고소하고 짠맛’을 줄여 이르는 말.,〔식생활〕,고짠,고급 짠맛,용례 교체 필요 (비문),고소하다+짠맛,65,
KN2022-0039,119,2022,혼성,¶골프 때문에 궁핍해진 사람들을 [MASK]라 부르기도 하였다.,7,자신의 경제력에 비해 비싼 골프 용품들을 구매하여 경제적으로 궁핍한 생활을 하는 사람.,〔경제생활〕,골푸어,취미 빈곤,,골프+푸어,13,
KN2022-0044,120,2022,축약,¶검찰의 개혁을 주장하던 정당이 검찰의 수사권 완전 박탈을 의미하는 검수완박의 법안을 입법하면서 [MASK]이라는 논란이 불거졌다.,15,‘공수처 수사권을 완전히 박탈함’을 줄여 이르는 말. 검찰의 수사권을 박탈하는 법안이 국회를 통과할 경우 고위 공직자 범죄 수사처의 수사권 또한 영향을 받을 것이라는 내용을 말한다.,〔정치와 행정〕,공수완박,공정,,공수처+수사권+완전히+박탈하다,15,
KN2022-0070,121,2022,축약,¶[MASK]을 주장하는 사람들은 국회 의원이 누릴 수 있는 다양한 특권은 국민을 대표하기 때문에 주어지는 것으로 의원 개개인을 위한 것이 아니라고 강조하였다.,21,‘국회 의원의 특권을 완전히 박탈함’을 줄여 이르는 말.,〔정치와 행정〕,국특완박,검수완박,,국회의원+특권+완전히+박탈하다,22,
KN2022-0071,122,2022,축약,¶이번 달 1일부터 [MASK]에서는 현대 회화와 조소 등 다양한 컬렉션이 전시된다.,11,‘국립 현대 미술관’을 줄여 이르는 말.,〔문화〕,국현미,박물관,,국립+현대+미술관,100,
KN2022-0072,123,2022,혼성,¶야당 국회 의원인 그는 국민의 힘은 당분간 [MASK]이라는 비판에서 벗어나기 어려울 것이라고 지적하였다.,13,"‘굿’과 ‘국민의 힘’을 결합하여 만든 말로, 국민의 힘 후보의 선거 대책 본부에 무속인이 개입되었음을 이르는 말. 차별 및 비하하는 의미가 포함되어 있으므로 사용에 주의가 필요하다.",〔정치와 행정〕,굿힘당,정당,용례 맥락 부족,굿+국민의힘,38,
KN2022-0073,124,2022,혼성,"¶궁궐을 체험하는 행사는 대부분 온라인 예매를 통하여 이루어지는데, 예매 경쟁이 치열하여 [MASK]이라는 말까지 등장하였다.",14,"궁궐을 의미하는 ‘궁’과 ‘티켓팅’을 결합하여 만든 말로, 궁궐에서 열리는 기획 행사에 참여하기 위한 예매 경쟁이 치열하다는 것을 이르는 말.",〔문화〕,궁케팅,피케팅,,궁+티케팅,59,
KN2022-0081,125,2022,축약,¶친구들 사이에서는 단순한 꾸미기 목적 외에도 또 다른 재미있는 용도를 위해 '[MASK]'가 사용되기도 한다.,14,‘기프티콘 꾸미기’를 줄여 이르는 말. 선물을 위해 인터넷상에서 거래되는 상품권인 ‘기프티콘’을 예쁘게 꾸미는 일이다.,〔삶〕,깊꾸,커스터마이징,용례 맥락 부족,기프티콘+꾸미다,16,
KN2022-0083,126,2022,축약,¶보수 성향의 한 인터넷 커뮤니티에서는 검수완박 법안의 공포는 [MASK]이라고 비판했다.,10,"‘꼼수들의 완전한 박자’를 줄여 이르는 말. 2022년 5월, ‘검찰청법 개정안’ 및 ‘형사 소송법 개정안’을 공포하는 과정에서 특정 정당이 째째한 수단들을 박자를 맞추 듯 시의적절하게 동원하였음을 비난조로 이르는 말이다.",〔정치와 행정〕,꼼수완박,꼼수 정치,,꼼수+완전하다+박자,19,
KN2022-0084,127,2022,축약,¶[MASK]를 주장하는 사람들은 10년 이상 볼 주식이 아니면 사지 말라고 한다.,11,‘꾸준히 자산을 사서 모으자’를 줄여 이르는 말. 장기적인 관점에서 투자하는 방식을 이른다.,〔경제생활〕,꾸자사모,장기 투자,,저번에 '샬롬의집' 여기 봤었지?,4,
KN2022-0085,128,2022,혼성,¶이번에 새로 출시된 스마트폰은 최신 인공 지능 기술을 이용하여 어두운 밤에도 선명한 사진을 찍을 수 있는 기능인 [MASK]를 지원한다.,19,밤에도 사진을 선명하게 촬영할 수 있게 하는 스마트폰의 카메라 기능. 밤을 뜻하는 ‘나이트(night)’와 사진 촬영 기법을 뜻하는 ‘포토그래피(photography)’를 결합하여 만든 말이다.,〔사회생활〕,나이토그래피,야경 사진,,나이트+포토그래피,310,상위 30%
KN2022-0087,129,2022,축약,¶경선을 앞두고 두 후보는 [MASK]의 늪에 빠져 감정 싸움만 하며 충돌하고 있다.,12,"‘내가 하면 검증, 남이 하면 네거티브’를 줄여 이르는 말. 주로 정치에서, 남이 할 때는 상대방의 부정적인 면만을 크게 부각시키는 방식이라고 비난하던 행위를 정작 자신이 할 때는 합리화하는 태도를 말한다.",〔정치와 행정〕,내검남네,내로남불,,내+검증+남+네거티브,25,
KN2022-0088,130,2022,축약,¶조세 부담률이 오른 상황에서 재난 지원금 역시 [MASK]인 셈이 아니냐는 지적이 나오고 있다.,13,‘내 돈 내고 내가 받음’을 줄여 이르는 말. 국민연금 혹은 여러 복지 정책으로 지원금을 받지만 결국 자신이 납부한 세금을 돌려받는 것에 불과한 상황을 비판적으로 이르는 말이다.,〔정치와 행정〕,내돈내받,내돈내산,,내+돈+내+받다,3,
KN2022-0090,131,2022,축약,¶어제 공연에 대한 계속되는 특혜 의혹에 [MASK]을 인증하고 나선 연예인까지 나왔다.,11,"‘내 손으로 내가 삼’을 줄여 이르는 말. 주로 물건을 소개하는 상황에서, 광고가 아니라 내 손으로 내가 직접 산 물건임을 나타내기 위해 사용하는 말이다.",〔경제생활〕,내손내산,직접 구매,,내+손+내+사다,18,
KN2022-0091,132,2022,축약,¶이 영상에는 [MASK]을 위해 바닷속으로 입수하는 스킨 다이버들의 모습이 담겨 있다.,11,‘내 손으로 내가 잡음’를 줄여 이르는 말. 주로 낚시에서 직접 잡은 물고기들을 가리킬 때 쓰는 말이다.,〔삶〕,내손내잡,직접 행동,,내+손+내+잡다,310,상위 30%
KN2022-0092,133,2022,축약,¶[MASK]? 이번엔 얼마나 가는지 보자.,5,‘너 또 다이어트하니?’를 줄여 이르는 말.,〔인간〕,너또다,다양성,용례 맥락 부족,너+또+다이어트하다,12,
KN2022-0095,134,2022,축약,¶[MASK]는 재택 근무 등의 자유로운 근무 방식과 높은 연봉으로 직장인들의 선호도가 높다.,12,"대형 아이티 기업 ‘네이버, 카카오, 라인, 쿠팡, 배달의 민족, 토스, 당근 마켓, 야놀자’를 아울러 이르는 말. 각 기업의 앞 글자를 따 만들어진 말이다.",〔사회생활〕,네카라쿠배토당야,IT 대기업,,네이버+카카오+라인+쿠팡+배달의민족+토스+당근+야놀자,3,
KN2022-0102,135,2022,혼성,¶전문가들은 뇌 노화를 막기 위한 방법의 하나로 [MASK]을 소개하였다.,9,신체의 건강을 위하여 에어로빅을 하는 것처럼 뇌의 건강을 위하여 두뇌를 훈련하는 일.,〔인간〕,뇌로빅,두뇌 운동,,뇌+에어로빅,19,
KN2022-0103,136,2022,혼성,¶코로나19의 확산으로 인해 탑승객이 적은 항공편에서는 좌우로 빈 세 좌석을 한 명의 승객이 이용하는 [MASK]의 혜택을 볼 수 있었다.,19,"항공기 내에서 여러 개의 빈 좌석에 누워서 이동하는 것. ‘눕다’와 항공기의 일반석을 뜻하는 ‘이코노미(economy)’를 결합하여 만든 말로, 코로나19의 확산으로 인해 항공기 탑승객이 줄어들자 일반석에서도 주위의 빈 좌석을 이용해 누워서 이동할 수 있게 된 상황에서 나온 말이다.",〔사회생활〕,눕코노미,이코노미,,눕다+이코노미,38,
KN2022-0104,137,2022,혼성,¶일부 업체들은 [MASK]를 위해 제품 출시 단계부터 제품의 별명을 고려하기도 한다.,11,친근하거나 기발한 별명을 가진 제품이 높은 판매량을 보이는 경제 효과를 이르는 말. 별명을 뜻하는 ‘닉네임(nickname)’과 경제를 뜻하는 ‘이코노미(economy)’를 결합하여 만든 말이다.,〔경제생활〕,닉코노미,온라인 경제,,닉네임+이코노미,1,
KN2022-0107,138,2022,혼성,"¶보수 정권의 지지자들이 모인 온라인 커뮤니티에서는 [MASK] 챌린지에 동참한다는 의미로 달걀, 파, 멸치, 콩을 장바구니에 담은 후 인증 사진을 찍어 업로드하고 있다.",22,"‘달걀, 파, 멸치, 콩’을 아울러 이르는 말. 주로 정치에서, 좌파 성향의 정당을 타파하고 공산주의 또는 공산주의자를 멸하는 기조를 이르는 말이다. 차별 및 비하하는 의미가 포함되어 있으므로 사용에 주의가 필요하다.",〔정치와 행정〕,달파멸콩,멸공,,달걀+파+멸치+콩,210,
KN2022-0111,139,2022,축약,¶좌파 성향을 지닌 단체를 조직하고 운영하는 사람들과 그들의 가족까지 합치면 [MASK] 고정표가 수백만은 될 것이라는 의견이 나오고 있다.,18,"‘대가리가 깨져도 좌파’를 줄여 이르는 말. 주로 정치에서, 좌파 성향을 지닌 단체나 정당 따위를 맹목적으로 지지하는 사람을 비판적으로 이르는 말이다. 차별 및 비하하는 의미가 포함되어 있으므로 사용에 주의가 필요하다.",〔정치와 행정〕,대깨좌,진보 지지자,,대가리+깨지다+좌파,3,
KN2022-0135,140,2022,축약,¶그는 항상 후배들을 사랑으로 끌어 주고 챙겨 줘 왔기 때문에 [MASK]으로 평가받고 있다.,13,‘마음이 따뜻한 남자’를 줄여 이르는 말. 주변 사람에게 정답고 포근한 남자를 말한다.,〔인간〕,맘따남,훈남,,마음+따뜻하다+남자,17,
KN2022-0136,141,2022,혼성,¶[MASK]들은 공무원 채용 시험 준비 과정에서 체력 부족을 가장 큰 어려움으로 꼽았다.,12,자녀를 둔 여성 공시생을 이르는 말. 어머니를 뜻하는 영어 단어 ‘맘(mom)’과 공무원 채용 시험을 준비하는 사람을 뜻하는 ‘공시생’을 결합하여 만든 말이다.,〔인간〕,맘시생,취준생,,맘+공시생,29,
KN2022-0137,142,2022,혼성,¶반려견과 반려인이 함께 이용할 수 있는 이른바 퍼피 시네마에서는 반려견 전용 메뉴인 [MASK]와 멍스킨라빈스를 판매한다.,15,반려견이 먹을 수 있도록 만든 피자. 피자 전문점인 ‘도미노 피자’에 빗대어 이르는 말이다.,〔식생활〕,멍미노피자,피자,,멍멍이+도미노피자,48,
KN2022-0138,143,2022,혼성,¶반려견과 반려인이 함께 이용할 수 있는 이른바 퍼피 시네마에서는 반려견 전용 메뉴인 멍미노피자와 [MASK]를 판매한다.,15,반려견이 먹을 수 있도록 만든 아이스크림. 아이스크림 전문점인 ‘배스킨라빈스’에 빗대어 이르는 말이다.,〔식생활〕,멍스킨라빈스,아이스크림,,멍멍이+배스킨라빈스,48,
KN2022-0146,144,2022,혼성,¶멸치와 콩 등으로 장을 보며 자신의 정치적 견해를 전달하는 이른바 [MASK] 릴레이에 대한 정치권의 찬반 공방이 이어졌다.,17,"‘멸치’와 ‘콩’의 앞 글자를 따 만든 말로, 공산주의 또는 공산주의자를 멸한다는 뜻을 가진 ‘멸공’을 이와 발음이 유사하도록 만들어 우회적으로 표현한 말. 차별 및 비하하는 의미가 포함되어 있으므로 사용에 주의가 필요하다.",〔정치와 행정〕,멸콩,멸공,,멸치+콩,310,상위 30%
KN2022-0150,145,2022,축약,¶O 후보는 [MASK]가 미래 산업의 핵심이 될 것이라고 하면서 국가 차원의 적극적 지원이 필요하다고 주장하였다.,15,"대한민국의 미래 유망 산업으로 예측되는 ‘바이오산업, 이차 전지, 미래 자동차, 6G’를 줄여 이르는 말.",〔경제생활〕,바이미식스,이차 전지,,바이오산업+이차전지+미래자동차+식스지,144,
KN2022-0156,146,2022,혼성,¶소셜 미디어에는 백신 예약 대란을 두고 [MASK]이 따로 없다는 반응이다.,10,백신 예약에 많은 사람이 한꺼번에 몰려 치열한 경쟁을 벌이는 일을 이르는 말. 전국적으로 코로나19 백신 접종을 시작하며 백신 물량이 부족해지자 생겨난 말이다.,〔보건ㆍ의학〕,백케팅,피케팅,,백신+티케팅,8,
KN2022-0158,147,2022,혼성,"¶[MASK]으로 항공권 가격이 큰 폭으로 오르자, 국내 호텔들은 국내에서 이국적인 경관을 즐기며 다양한 체험을 할 수 있는 호캉스 패키지를 마련하여 여행자들의 마음을 사로잡고 있다.",24,"휴가철에 항공비, 숙박비, 식비 등 휴가를 보내기 위한 비용이 지속적으로 상승하는 현상. 휴가를 뜻하는 영어 단어 ‘베이케이션(vacation)’과 물가 상승 상태를 뜻하는 영어 단어 ‘인플레이션(inflation)’을 결합하여 만든 말이다. 코로나19의 확산이 잦아들어 여행 수요가 폭발적으로 늘어났으나, 그동안 축소되어 있던 여행 관련 인프라가 이 수요를 따라가지 못하면서 생겨난 현상이다.",〔경제생활〕,베케플레이션,베이커리 인플레이션,,베이케이션+인플레이션,215,상위 30%
KN2022-0160,148,2022,축약,"¶[MASK]는 하나의 트렌드로 신발, 다이어리, 마스크 등을 통해 자신의 개성을 적극적으로 드러내고자 하는 요즘 세대들의 특성이 반영된 것이다.",18,"‘별 걸 다 꾸민다’를 줄여 이르는 말. 마스크 꾸미기, 휴대폰 꾸미기 등 꾸미기 열풍에서 비롯된 말이다.",〔삶〕,별다꾸,별다줄,,별+다+꾸미다,310,상위 30%
KN2022-0164,149,2022,축약,"¶OOO은 마무리 투수로 9회 말에 등판하였지만, 상대 팀의 마지막 타자에게 안타를 내어 주며 [MASK]를 범하는 실수를 하고 말았다.",18,"‘블론 세이브’를 줄여 이르는 말. 야구에서, 세이브 상황에 등판한 투수가 상대 팀에게 동점 혹은 역전을 허용하는 일을 이르는 말이다.",〔삶〕,블세,홈런,,블론+세이브,1,
KN2022-0167,150,2022,혼성,¶최근 인기를 끌고 있는 한 베이커리 전문점은 전국 각지에서 판매 중인 빵을 소개하고 시식할 수 있는 기회를 제공하는 [MASK] 행사를 진행하며 소비자들의 반응을 살피고 있다.,25,길거리 행사를 통해 판매 중인 빵을 소개하고 시식 기회를 제공하는 일. ‘빵’과 길거리 공연을 뜻하는 ‘버스킹’을 결합하여 만든 말이다.,〔식생활〕,빵스킹,빵집 작업,,빵+버스킹,1,
KN2022-0171,151,2022,축약,"¶[MASK]들은 배우자와의 미래보다 현재를 즐기기 위해서 결혼을 미루고 있다고 하지만, 최근에는 집값 폭등으로 인해 비자발적으로 결혼을 미루기도 한다.",18,‘삼십 대 미혼 남성’을 줄여 이르는 말.,〔인간〕,삼미남,삼천리 미남,,삼십대+미혼+남성,8,
KN2022-0172,152,2022,혼성,¶인삼으로 유명한 금산군은 무더위 속 건강도 챙기고 여러 가지 놀이도 즐길 수 있는 [MASK]를 기획하여 지역을 홍보하고 있다.,18,삼계탕을 먹으며 보내는 휴가.,〔삶〕,삼캉스,삼겹살 바캉스,,삼계탕+바캉스,80,
KN2022-0173,153,2022,축약,¶20대의 경우 사회적 인식이 좋은 [MASK]로 취직을 하기를 원한다.,9,"대형 기업인 ‘삼성, 현대, 에스케이, 엘지’를 아울러 이르는 말. 각 기업의 앞 글자를 따 만들어진 말이다.",〔사회생활〕,삼현에엘,대기업,용례 맥락 부족,삼성+현대+에스케이+엘지,6,
KN2022-0174,154,2022,혼성,¶[MASK]이 된 태양광 패널은 청소를 해도 며칠이 지나면 다시 새똥 천지가 되어 태양광 발전소 설비가 제대로 가동되지 않고 있다.,19,새똥 따위로 지저분해진 태양광 발전 시설. ‘새똥’과 ‘태양광’을 결합하여 만든 말이다.,〔자연〕,새똥광,새똥 광고,,새똥+태양광,34,
KN2022-0175,155,2022,축약,¶국무총리 후보자와 18개 부처 장관 후보자 등 총 19명 후보자가 [MASK]으로 서울대 출신 육십 대 남성이라고 한다.,17,‘서울대 출신의 육십 대 남자’를 줄여 이르는 말.,〔인간〕,서육남,경육남,,서울대+육십대+남자,245,상위 30%
KN2022-0183,156,2022,축약,"¶공모주를 청약하는 투자자들은 높은 수익률을 추구하는 대신, 검증된 기업을 통해 [MASK]를 추구하기도 한다.",13,‘소소하지만 확실한 수익’을 줄여 이르는 말. 주식 투자 따위에서 작지만 확실한 수익을 내는 것을 말한다.,〔경제생활〕,소확수,소확행,,소소하다+확실하다+수익,2,
KN2022-0185,157,2022,축약,"¶알쓰, [MASK] 같은 말은 술자리에서 자신의 적은 주량을 미리 고백할 때 유머러스하게 사용되기도 한다.",14,‘술 쓰레기’를 줄여 이르는 말. 술을 잘 못 마시는 사람을 이르는 말이다.,〔인간〕,술쓰,주정뱅이,,술+쓰레기,2,
KN2022-0186,158,2022,축약,"¶아직 [MASK]을 먹어본 적이 없다면, 이번 겨울에는 꼭 한번 먹어 보길 권한다.",12,‘슈크림이 들어있는 붕어빵’을 줄여 이르는 말.,〔식생활〕,슈붕,붕어빵,용례 맥락 부족,슈크림+붕어빵,310,상위 30%
KN2022-0190,159,2022,혼성,¶우리 집 봄 나들이는 개나리가 핀 강가를 걸으며 쓰레기를 줍는 '[MASK]'으로 시작된다.,12,봄에 산책 또는 조깅을 하면서 쓰레기 따위를 줍는 행위를 이르는 말. 봄을 뜻하는 ‘스프링(spring)’과 조깅을 하면서 쓰레기 따위를 줍는 행위를 뜻하는 ‘플로깅(plogging)’을 결합하여 만든 말이다.,〔삶〕,스프링깅,봄나들이,,스프링+플로깅,5,
KN2022-0198,160,2022,축약,¶이번 정권의 정부 부처 장관 인사는 [MASK]이라는 말로 요약된다.,9,‘쓴 사람 또 쓴다’를 줄여 이르는 말.,〔삶〕,쓴또쓴,연속 충격,용례 맥락 부족,쓰다+또+쓰다,14,
KN2022-0202,161,2022,축약,"¶네 선택이니 스스로 책임지고 감당하라고 이야기할 때 [MASK]라고 하는데, 누군가 월급이 적어서 힘들다고 쓴 글에 '[MASK]'라고 댓글을 다는 식으로 쓰인다.",20,‘악으로 깡으로 버텨라’를 줄여 이르는 말.,〔인간〕,악깡버,자업자득,,악+깡+버티다,10,
KN2022-0206,162,2022,혼성,¶요즘 약과가 워낙 인기를 끌다 보니 [MASK]에 성공한 사람들이 에스엔에스에 인증샷을 올리고 있다.,13,전통 과자의 하나인 약과 구매에 많은 사람이 한꺼번에 몰려 치열한 경쟁을 벌이는 일을 이르는 말.,〔식생활〕,약케팅,약한 마케팅,,약과+티케팅,156,
KN2022-0207,163,2022,축약,¶[MASK] 열풍에 무설탕 제품이 인기를 끌고 있다.,7,‘어차피 다이어트를 할 거라면 행복하게 다이어트하자’를 줄여 이르는 말.,〔인간〕,어다행다,어쨌든 다행,,어차피+다이어트+행복하다+다이어트하다,254,상위 30%
KN2022-0209,164,2022,혼성,¶공수처는 최근 민간인 사찰 논란으로 [MASK]라는 비판을 피하지 못 했다.,10,"고위 공직자 범죄 수사처가 언론인, 교수, 정치인 등의 정보를 사찰한 것을 비판하는 말.",〔정치와 행정〕,언수처,언론 수사,,언론+공수처,1,
KN2022-0210,165,2022,혼성,¶김 의원은 공수처는 고위 공직자가 아니라 오히려 언론을 감시하는 [MASK]로 전락했다고 비판했다.,12,고위 공직자 범죄 수사처가 언론을 감시하는 기관으로 변질되었다는 것을 나타내는 말.,〔정치와 행정〕,언시처,언론 시정,,언론+감시+공수처,7,
KN2022-0211,166,2022,축약,¶언론 중재법은 검수완박 여론을 [MASK]으로 전환하여 지지층을 결집하기 위한 의도라는 지적을 받고 있다.,13,‘언론의 자유 완전 박탈’을 줄여 이르는 말.,〔사회생활〕,언자완박,언론 탄압,,언론+자유+완전+박탈,190,
KN2022-0212,167,2022,축약,¶김 특파원은 언론중재법에 대해 [MASK]도 머지않았다는 위기감을 느낀다고 말했다.,9,‘언론의 취재권 완전 박탈’을 줄여 이르는 말.,〔사회생활〕,언취완박,취재 제한,,언론+취재권+완전+박탈,2,
KN2022-0214,168,2022,혼성,¶금융 교육에 대한 수요의 증가에 따라 [MASK]은 온라인 플랫폼을 통해서 급부상하기 시작했다.,12,디지털 플랫폼을 활용하여 실시하는 금융 교육ㆍ재무 교육 등을 일컫는 말. 교육을 뜻하는 ‘에듀케이션(education)’과 첨단 정보 기술을 기반으로 한 금융 서비스인 ‘핀테크(fintech)’를 결합하여 만든 말이다.,〔교육〕,에듀핀,학습 투자,,에듀케이션+핀테크,49,
KN2022-0219,169,2022,혼성,"¶한 관계자는 “주식, 코인, 부동산 등의 시장이 최근 하락세를 보이면서 [MASK]가 주목받고 있고 있다.”라고 말했다.",15,예금 금리가 상승한 것을 이용한 제테크.,〔경제생활〕,예테크,저축,,예금+재테크,310,상위 30%
KN2022-0221,170,2022,축약,¶그는 맛집을 방문해 정신 없이 음식을 먹은 후 한숨을 쉬며 “[MASK]이다.”라고 하여 시청자들에게 웃음을 주었다.,15,‘오늘도 다이어트 망함’을 줄여 이르는 말.,〔삶〕,오다망,실패,,오늘+다이어터+망하다,10,
KN2022-0223,171,2022,축약,¶운동에 푹 빠진 엠지 세대들의 에스엔에스에는 [MASK]이라는 해시 태그가 넘쳐 난다.,11,‘오늘 운동 완료’를 줄여 이르는 말.,〔삶〕,오운완,일일 운동,,오늘+운동+완료,310,상위 30%
KN2022-0226,172,2022,혼성,¶당선인의 이니셜을 딴 [MASK]의 핵심은 민간이 주도하고 정부가 뒷받침하는 경제 성장이다.,11,"윤석열 대통령이 시행한 경제 정책. 민간이 주도하고 정부가 뒷받침하는 경제 성장 정책으로, 윤석열 대통령의 이니셜 와이(Y)에 경제를 의미하는 ‘이코노믹스(economics)’를 결합하여 만든 말이다.",〔경제생활〕,와이노믹스,Y세대 경제,,윤석열+이코노믹스,23,
KN2022-0227,173,2022,축약,¶완벽한 부모가 되려고 하면 육아에서 [MASK]은 어렵다.,7,‘완벽한 졸업’을 줄여 이르는 말.,〔사회생활〕,완졸,갓생,,완벽하다+졸업,3,
KN2022-0229,174,2022,혼성,¶[MASK]의 등장으로 인해 근처 용산 일대의 집값 또한 상승하였다.,9,서울 용산에 있는 우리나라 대통령 집무실. ‘용산’과 ‘청와대’를 결합하여 만든 말이다.,〔정치와 행정〕,용와대,대통령실,,용산+청와대,310,상위 30%
KN2022-0231,175,2022,축약,"¶감기에 걸린 선배에게 보낸 '빨리 낳으세요.'라는 문자를 본 누리꾼들은 ""정말 [MASK]이다.""라는 반응을 보였다.",13,‘웃긴데 안 웃기다’를 줄여 이르는 말. 표면적으로는 헛웃음이 나오지만 실제로 처한 상황이나 처지가 슬프거나 안타까워 마냥 재미있지 않은 상황을 의미한다.,〔인간〕,웃안웃,애매함,,웃기다+안+웃기다,16,
KN2022-0232,176,2022,축약,¶먹방 열풍과 더불어 또 다른 직장인 키워드로 [MASK]가 떠오르기도 하였다.,10,‘위장 꾸미기’를 줄여 이르는 말. 위장을 맛있는 음식들로 꾸몄다는 뜻으로 맛있는 음식을 먹는 행위를 이른다.,〔식생활〕,위꾸,워라밸,용례 맥락 부족,위장+꾸미다,15,
KN2022-0234,177,2022,축약,¶[MASK]는 음반 시장에서 음악 평론가 못지 않은 영향력을 끼친다.,9,‘음악 유튜버’를 줄여 이르는 말. 음악에 관련된 개인 방송 채널을 운영하는 사람을 말한다.,〔문화〕,음튜버,음악 방송,용례 맥락 부족,음악+유튜버,1,
KN2022-0235,178,2022,혼성,¶전쟁으로 인한 유럽의 천연 가스값 상승이 [MASK]을 더욱 부채질할 것이라는 우려가 있다.,12,에너지의 수급 불안이 주된 원인이 되어 일어나는 인플레이션.,〔경제생활〕,이플레이션,가격 급등,,에너지+인플레이션,23,
KN2022-0240,179,2022,혼성,¶20대가 금융의 디지털화를 이끌면서 금융권에서는 [MASK] 확장을 위한 준비가 한창이다.,10,모바일 플랫폼에 익숙한 제트 세대가 중심이 되는 금융 흐름을 이르는 말. ‘제트 세대’의 첫 머리 문자인 ‘제트(Z)’와 금융을 의미하는 영어 단어 ‘파이낸스(finance)’를 결합하여 만든 말이다.,〔경제생활〕,자이낸스,아파트 재테크,,제트세대+파이낸스,96,
KN2022-0253,180,2022,축약,¶O 대표는 “민심을 버린 이번 결정은 지방 선거에서 민주당이 완전하게 깨지는 [MASK]으로 결론 날 것”이라고 말했다.,16,‘지방 선거 민주당 완전 박살’을 줄여 이르는 말. 더불어민주당이 ‘검수완박’을 강행하는 것을 비판하는 의미다.,〔정치와 행정〕,지민완박,정치 편향,,지방선거+민주당+완전+박살,200,
KN2022-0258,181,2022,축약,¶이를 본 누리꾼들은 해당 배우의 작품 선택 대해 “[MASK]이다.”라는 반응을 보였다.,11,‘지 팔자를 지가 꼰다’를 줄여 이르는 말. 자신의 운수를 자기 스스로가 나쁘게 만든다는 뜻이다.,〔삶〕,지팔지꼰,자업자득,,지+팔자+지+꼬다,153,
KN2022-0262,182,2022,축약,¶OOO 배우는 팬들에게 감사 인사를 남기며 “여러분 [MASK]”이라는 말도 덧붙였다.,10,‘진짜 진짜 대박 대박’을 줄여 이르는 말.,〔인간〕,짜짜빡빡,최고,마스킹오류,진짜+진짜+대박+대박,12,
KN2022-0272,183,2022,축약,¶여행자들이 좋은 사진을 찍기 위해서는 산행을 미리 [MASK]을 해 놓아야 한다.,11,‘캘린더 박제’를 줄여 이르는 말. 일정을 캘린더에 저장한다는 것을 의미한다.,〔삶〕,캘박,계획,,캘린더+박제,149,
KN2022-0274,184,2022,축약,¶코로나 기세가 다소 꺽이고 있으니 [MASK]를 선정해 보자.,8,‘코로나 끝나고 여행가자’ 또는 ‘코로나 끝나고 가야하는 여행지’를 줄여 이르는 말.,〔삶〕,코끝여,여행,,코로나+끝나다+여행,1,
KN2022-0275,185,2022,혼성,¶대학교 학생회에서는 [MASK]를 위한 새내기 배움터 준비에 한창이다.,8,"코로나19 시기에 입학한 새내기. ‘코로나’와 ‘새내기’를 결합한 말로, 코로나19 시기에 입학한 20~22학번 대학 새내기를 이르는 말이다.",〔교육〕,코내기,코로나 초보,,코로나+새내기,28,
KN2022-0277,186,2022,혼성,¶2020 도쿄 올림픽은 코로나19 관련 변수로 인해 올림픽이 아닌 [MASK]이라고 불린다.,11,"‘코로나’와 ‘올림픽’을 결합한 말로, 코로나19와 관련된 변수가 크게 작용한다는 의미에서 2020년 개최한 도쿄 올림픽을 이르는 말.",〔삶〕,코림픽,방역 경쟁,,코로나+올림픽,9,
KN2022-0285,187,2022,혼성,¶티니핑 굿즈는 최근 부모 지갑을 얇아지게 만드는 [MASK]으로 불릴 만큼 많은 인기를 끌고 있다.,14,인기 캐릭터 ‘티니핑’의 관련 제품을 아이들에게 사주는 데 과도한 지출을 하게 되는 것을 이르는 말.,〔경제생활〕,파산핑,과소비,,파산+티니핑,310,상위 30%
KN2022-0287,188,2022,축약,"¶수많은 이색 붕어빵 가운데, 근본이 되는 [MASK]과 겨룰 수 있는 붕어빵은 슈크림 붕어빵이 유일하다.",14,‘팥이 들어있는 붕어빵’을 줄여 이르는 말.,〔식생활〕,팥붕,간식,,팥+붕어빵,310,상위 30%
KN2022-0291,189,2022,혼성,¶O 소장은 일부 [MASK]가 여론 조사의 신뢰성을 떨어뜨리고 있다고 지적했다.,10,"정치적인 편향성을 지닌 여론 조사. 주로 정치적 편향성으로 인해 여론 조사의 신뢰가 감소하였을 때 사용하는 말로, 정치를 의미하는 영어 단어 ‘폴리틱스(politics)’와 조사를 의미하는 영어 단어 ‘리서치(research)’를 결합하여 만든 말이다.",〔정치와 행정〕,폴리서치,여론 조사,,폴리틱스+리서치,4,
KN2022-0295,190,2022,축약,"¶득표를 위해서는 뭐든지 하는 사람이란 의미로 사용된 [MASK]는 욕 같이 들리지만, 애칭의 성격도 있다.",14,‘표에 미친 새끼’를 줄여 이르는 말. 제20대 대선 과정 중 상대 후보를 비하하기 위해 나온 말이다.,〔정치와 행정〕,표미새,앵무새,,표+미치다+새끼,10,
KN2022-0299,191,2022,혼성,"¶[MASK]이 미국, 호주 등을 넘어 국내에도 직접적인 영향을 미쳐 유제품들의 가격이 급격히 인상되었다.",13,육류 및 유제품 등 단백질 주공급원의 가격이 급등하는 현상. 코로나19 사태로 인한 육류 공급망 장애와 급격한 기후 변화 그리고 육류 소비량 증가 등 복합적인 원인으로 인해 발생한 인플레이션이다.,〔경제생활〕,프로틴플레이션,가격 상승,,프로틴+인플레이션,58,
KN2022-0305,192,2022,혼성,¶요즘 젊은 세대들 사이에서는 즐거운 건강 관리를 뜻하는 [MASK]가 트렌드로 자리잡기 시작했다.,12,건강을 즐겁고 편리하게 관리하는 일. 건강한 상태를 의미하는 ‘헬시(healty)’와 즐거움을 의미하는 ‘플레저(pleasure)’를 결합하여 만든 말이다.,〔삶〕,헬시플레저,웰빙,,헬시+플레저,310,상위 30%
KN2022-0306,193,2022,혼성,"¶과거에는 상대가 주는 [MASK]을 즐겼다면, 코로나19 이후 집에 있는 시간이 많아져 나를 위한 힐링의 수단으로 향수를 찾게 되었다.",18,향수를 뿌린 후 느껴지는 향에 대한 반응을 일컫는 말. ‘좋을 호(好)’와 반응을 뜻하는 ‘피드백(feedback)’을 결합하여 만든 말이다.,〔사회생활〕,호드백,호텔 도시락,,호+피드백,4,
KN2022-0308,194,2022,혼성,"¶2030세대 사이에서는 운동, 공부, 취미 생활뿐만 아니라 혼자서 잘 노는 방법까지 공유하는 [MASK]가 인기다.",14,다른 사람과 어울리지 않고 혼자 시간을 보내며 노는 일상을 동영상 콘텐츠로 촬영하는 일. 혼자서 노는 일을 뜻하는 ‘혼놀’과 영상 일기를 뜻하는 ‘브이로그’를 결합하여 만든 말이다.,〔삶〕,혼놀로그,브이로그,,혼놀+브이로그,11,
KN2022-0310,195,2022,혼성,¶테슬라가 찻값을 수시로 올렸다 내렸다를 반복하자 이를 횟집에 빗대 [MASK]냐는 말이 나오고 있다.,13,미국 기업 ‘태슬라’에서 만든 자동차의 가격이 들쭉날쭉한 것을 가격의 변동이 큰 생선회에 빗대어 이르는 말.,〔경제생활〕,회슬라,시가,,회+테슬라,22,
KN2023-0002,196,2023,축약,¶O 의원은 이번 야당의 감사원법 개정안에 대해 [MASK]이라며 강력하게 반발했다.,10,‘감사원의 감사권을 완전히 박탈함’을 줄여 이르는 말. 감사원 내의 주요 사항에 대해 국회에 보고하는 절차가 포함되는 것이 주요 내용이다.,〔정치와 행정〕,감사완박,감시 강화,,감사권+완전히+박탈하다,310,상위 30%
KN2023-0005,197,2023,혼성,¶[MASK]으로 불리며 취업 준비생들의 많은 관심을 끌었던 OO의 생산직 채용 모집에 18만 명 이상이 지원한 것으로 파악되었다.,17,신도 부러워할 만큼 조건이 좋은 생산 분야의 직무. 또는 그러한 분야에 종사하는 직원.,〔사회생활〕,갓산직,생산직,,갓+생산직,37,
KN2023-0010,198,2023,혼성,"¶채팅방 참여자들은 지출 내역을 공유하고, [MASK]라고 서로를 다독이면서 유쾌한 절약 놀이를 통해 허리띠를 졸라맨다.",14,가진 돈은 적지만 마음은 풍요로운 사람을 이르는 말. ‘거지’와 ‘부르주아’를 결합하여 만든 말이다.,〔인간〕,거르주아,부르주아,,거지+부르주아,3,
KN2023-0014,199,2023,축약,"¶이러한 검찰의 수사권을 완전히 박탈하는 것에 맞서서, [MASK]에 대한 위원회의 공방이 아주 뜨거웠다.",13,‘검찰의 수사권을 원상 복구함’을 줄여 이르는 말. 검찰이 직접 수사할 수 있는 경제 범죄와 부패 범죄의 범위가 대폭 확대되는 것이 주요 내용이다.,〔정치와 행정〕,검수원복,권력 회복,,검찰+수사권+원상+복구,310,상위 30%
KN2023-0018,200,2023,축약,¶OO은 이번 파업에 대해 국가의 경제를 파멸로 이끄는 [MASK]이라고 표현했다.,10,‘경제가 완전히 박살남’을 줄여 이르는 말. 파업 등으로 인해 국가 경제에 피해 상황이 발생하는 것을 말한다.,〔경제생활〕,경제완박,경제 위기,,경제+완전히+박살나다,60,
KN2023-0020,201,2023,혼성,¶병사 월급을 단계적으로 높이는 과정에서 초급 간부의 처우 문제는 뒤로 밀린 상황을 임오군란에 빗대어 [MASK]이라고 말하는 사람도 있다.,18,병사의 처우 개선에만 집중하다가 초급 간부의 문제는 뒷전으로 밀렸다는 논란을 신식 군대와 구식 군대의 차별에서 시작된 임오군란에 빗대어 이르는 말.,〔정치와 행정〕,계묘군란,정치 혼란,,계묘년+임오군란,2,
KN2023-0021,202,2023,혼성,¶일제 강점기 강제 노역에 대한 피해 배상에 대한 해법을 두고 일부에서는 을사늑약에 준하는 [MASK]이라고 비판하고 있다.,16,"계묘년에 일어난 억지로 맺은 조약이라는 뜻으로, 일제 강점기 강제 징용 피해 배상안의 내용을 을사늑약에 빗대어 이르는 말.",〔정치와 행정〕,계묘늑약,조약,,계묘년+을사늑약,200,상위 30%
KN2023-0026,203,2023,혼성,¶치열한 경쟁을 뚫고 [MASK]에 성공해야 맛있는 곱창을 먹을 수 있다.,10,맛있는 곱창을 구매하기 위해 많은 사람이 한꺼번에 몰려 치열한 경쟁을 벌이는 일을 이르는 말.,〔식생활〕,곱게팅,피케팅,,곱창+게팅,1,
KN2023-0030,204,2023,혼성,"¶괌섬에 갑작스레 불어닥친 태풍의 영향으로 수도와 전기가 끊기고 생필품을 구하기도 힘든 상황이 되어, 관광객들은 [MASK]에 갇혔다는 말까지 했다고 한다.",19,슈퍼 태풍으로 인해 공항이 폐쇄되면서 괌섬에 갇히게 된 한국인 여행객의 처지를 감옥에 빗대어 이르는 말.,〔삶〕,괌옥,해외 구금,,괌+감옥,57,
KN2023-0033,205,2023,축약,¶O 의원은 국회에서 힘자랑에 여념이 없는 행태를 보며 [MASK]이냐며 고함을 질렀다.,11,‘국회 폭력’을 줄여 이르는 말.,〔정치와 행정〕,국폭,국가 폭탄,마스킹오류,국회+폭력,0,
KN2023-0034,206,2023,축약,¶O은 제주 사삼 사건에 대해 [MASK]에 의하여 죄가 없는 국민들이 짓밟힌 일이라고 강조하였다.,13,‘국가 폭력’을 줄여 이르는 말.,〔정치와 행정〕,국폭,국가 폭탄,마스킹오류,국가+폭력,0,
KN2023-0048,207,2023,혼성,¶고물가 상황이 이어지면서 재테크 수단 중의 하나로 [MASK]가 성행하고 있다.,10,"모바일 상품권을 액면가보다 할인된 가격에 구매하거나, 선물로 받은 모바일 상품권을 중고로 거래하여 남긴 이익을 이용한 재테크.",〔경제생활〕,기프테크,선물 재테크,,기프티콘+재테크,70,
KN2023-0054,208,2023,혼성,¶극단적인 폭우와 폭염이 이어지는 [MASK]까지 맞물리면서 전 세계의 식량난은 더욱 심각해질 것으로 보인다.,13,기후 변화로 인해 물가가 상승하는 현상.,〔경제생활〕,기후플레이션,기후 위기,용례 맥락 부족,기후+인플레이션,310,상위 30%
KN2023-0057,209,2023,축약,¶생활비를 줄이기 위하여 돈을 쓰지 않는 무지출 챌린지를 실천하는 방법으로는 [MASK]을 하거나 냉장고에 있는 재료로만 요리를 하는 냉장고 파먹기 등이 있다.,21,‘기프티콘 털어 먹기’를 줄여 이르는 말. 선물로 받아 놓고 사용하지 않았던 기프티콘으로 끼니를 해결하는 것을 말한다.,〔경제생활〕,깊털,깊은 털기,,기프티콘+털다,2,
KN2023-0059,210,2023,축약,"¶공무원의 보수 문제가 화제로 다루어질 때마다 철밥통, [MASK] 등과 같은 댓글이 등장한다.",12,"‘꼬우면 이직해’를 줄여 이르는 말. 공무원들이 임금 인상을 요구하는 시위를 하자, 일부 사람들이 온라인상에서 이를 조롱하는 의미로 사용한다.",〔사회생활〕,꼬이직,꼬인 이직,,꼽다+이직,17,
KN2023-0063,211,2023,축약,¶일부 국민들이 답답하게 생각하는 점은 한두 언론을 제외하면 이러한 [MASK]의 행태에 대한 제대로 된 보도를 찾기 힘들다는 것이다.,18,"‘내가 쓴 돈은 비공개, 남이 쓴 돈은 공개’라는 뜻으로, 자신이 쓴 돈에 대해서는 숨기려고 하면서 다른 사람에게는 회계 자료의 공개를 요구하는 태도를 이르는 말.",〔인간〕,내비남공,적반하장,,내+비공개+남+공개,9,
KN2023-0070,212,2023,혼성,"¶농구라는 스포츠에 관심이 가기 시작한 당신, 90년대 원조 [MASK]를 알고 계신가요?",11,‘농구’를 열광적으로 좋아하는 사람.,〔인간〕,농친자,농업인,,농구+미친자,5,
KN2023-0071,213,2023,축약,¶[MASK]이란 반응은 문제를 개인 탓으로 돌리며 사회나 구조의 문제로 논의할 가능성을 차단한다.,12,‘누가 칼로 협박했느냐’를 줄여 이르는 말. 누군가가 고충을 토로할 때 그에 대한 책임이 그 일을 선택한 개인에게 있다고 주장할 때 사용한다.,〔인간〕,누칼협,인과응보,용례 맥락 부족,누가+칼+협박하다,252,상위 30%
KN2023-0072,214,2023,혼성,"¶이 대회에서는 '삼도그', '[MASK]', '한방 삼계 튀김' 등 다양한 삼계 요리가 본선에 진출하였다.",13,"‘닭’과 ‘다코야키’가 합쳐진 말로, 둥근 모양의 틀에 잘게 썬 닭과 묽은 밀가루 반죽을 넣어 만든 일본식 풀빵.",〔식생활〕,닭코야키,다코야키,,닭+다코야키,11,
KN2023-0076,215,2023,혼성,¶시는 반려동물을 기르는 가정을 위하여 반려동물의 동반이 가능한 해수욕장인 [MASK]을 조성하여 올여름부터 운영할 계획이라고 밝혔다.,15,반려동물과 함께 해수욕을 할 수 있는 시설과 환경이 갖추어진 바닷가. 글자 모양이 비슷하여 인터넷상에서 ‘멍멍이’라는 뜻으로 쓰는 ‘댕댕이’와 ‘해수욕장’을 결합하여 만든 말이다.,〔삶〕,댕수욕장,강아지 수영장,,댕댕이+해수욕장,310,상위 30%
KN2023-0079,216,2023,혼성,"¶지난해 화려한 액션 신과 시원한 사운드가 장점인 영화들이 흥행하자, 영화 마니아 사이에서는 [MASK]들이 등장했다.",14,‘돌비 시네마’를 열광적으로 좋아하는 사람. ‘돌비 시네마’는 미국의 오디오 기업 ‘돌비(Dolby)’에서 개발한 첨단 영상 및 음향 기술인 ‘돌비 비전(Dolby Vision)’과 ‘돌비 애트모스(Dolby Atmos)’을 도입한 영화관을 말한다.,〔문화〕,돌친자,돌싱,,돌비시네마+미친자,17,
KN2023-0080,217,2023,혼성,¶그는 낯선 동네에 가서도 [MASK]가 되어 맛집을 찾아낼 수 있는 능력을 가지고 있다.,13,"‘돼지’와 ‘내비게이터’를 결합하여 만든 말로, 음식 맛이 뛰어난 음식점을 찾아내는 능력을 비유적으로 이르는 말.",〔식생활〕,돼지게이터,길잡이,,돼지+내비게이터,2,
KN2023-0081,218,2023,혼성,¶온라인 교류를 통해 어느 정도 훈련을 마친 청년들은 오프라인 쉼터인 [MASK]으로 나오기도 한다.,13,"‘두더지’와 ‘집’을 결합하여 만든 말로, 서울시에서 고립ㆍ은둔 청년의 사회 복귀를 도울 수 있도록 마련한 사회 복지 시설.",〔정치와 행정〕,두더집,보호소,,두더지+집,103,상위 30%
KN2023-0090,219,2023,축약,¶[MASK]의 이미지를 가진 배우가 미친 듯이 바다 수영을 하며 시청자들에게 웃음을 안겨 주었다.,13,"‘맑은 눈의 광인’을 줄여 이르는 말. 맑고 초롱초롱한 눈을 가지고 있지만, 어딘가 미쳐 있는 듯한 사람을 이르는 말이다.",〔인간〕,맑눈광,순진함,,맑다+눈+광인,310,상위 30%
KN2023-0093,220,2023,혼성,¶최근에 반려동물을 키우는 인구가 늘어나면서 [MASK]을 위한 보험을 드는 사람들이 증가하고 있다.,12,나이가 많은 개를 이르는 말. 개를 의미하는 ‘멍멍이’와 영감의 높임말인 ‘영감님’을 결합하여 만든 말이다.,〔동식물〕,멍감님,반려동물,,멍멍이+영감님,9,
KN2023-0094,221,2023,혼성,¶서울에서 냉면으로 유명한 맛집에서 냉면 가격을 올리면서 이른바 [MASK]으로 인한 가계 부담이 더 커지고 있다.,15,"식자재 가격과 인건비, 전기 요금 상승 등으로 인해 냉면, 국수 등 면 요리의 가격이 상승하는 현상.",〔경제생활〕,면플레이션,가격 상승,,면+인플레이션,269,상위 30%
KN2023-0100,222,2023,혼성,¶음식 메뉴의 일종에서 범위를 확장하여 문구 덕후들을 위한 필기구 종합 세트인 [MASK]와 다이어리 꾸미기를 좋아하는 사람들을 겨냥한 다양한 스티커도 등장하였다.,20,문구를 열성적으로 좋아하는 사람들을 위한 필기구 종합 세트. ‘문구’와 ‘오마카세’를 결합하여 만든 말이다.,〔경제생활〕,문구카세,문구 세트,,문구+오마카세,3,
KN2023-0106,223,2023,혼성,¶작년부터 경기 남부 지역에서는 반도체 클러스터 호재가 예상되면서 '[MASK] 아파트'에 대한 관심이 계속되고 있다.,14,반도체 공장과 인접해 있어 관련 직종 종사자가 편리하게 통근할 수 있는 주거 지역.,〔주생활〕,반세권,역세권,,반도체공장+역세권,310,상위 30%
KN2023-0112,224,2023,축약,"¶여당의 한 국회의원은 이번 개정안이 [MASK]이라고 지적하며, 이를 발의한 국회의원들과 거대 야당의 입법 농단을 비난하였다.",15,"‘법제 사법 위원회의 권한을 완전히 박탈함’을 줄여 이르는 말. 탄핵 소추 시, 법제 사법 위원장에게 부여된 탄핵 소추 위원의 권한을 없애기 위해 발의한 법률 개정안을 비난조로 이르는 말이다.",〔정치와 행정〕,법사완박,법 개정,,법제+사법위원회+완전히+박탈하다,16,
KN2023-0113,225,2023,혼성,¶실제로 최근 온라인 커뮤니티에서는 벤투 감독을 [MASK]라 부르며 그의 리더십과 전술 능력을 칭찬하고 있다.,14,2022년 카타르 월드컵에서 대한민국 축구 국가 대표 팀의 감독인 파울루 벤투(Paulo Bento)를 친근하게 이르는 말. ‘파울루 벤투’와 ‘아버지’를 결합하여 만든 말이다.,〔인간〕,벤버지,아버지,,벤투+아버지,310,상위 30%
KN2023-0121,226,2023,혼성,¶러시아의 우크라이나 침공으로 인해 폭등한 밀가루 가격 때문에 앞으로 [MASK]이 본격화될 것이라는 우려가 나오고 있다.,15,빵의 주 재료인 밀가루 따위의 가격 상승과 물류 비용 증가 등이 원인이 되어 일어나는 인플레이션.,〔경제생활〕,빵플레이션,가격 상승,,빵+인플레이션,310,상위 30%
KN2023-0122,227,2023,혼성,"¶미국 로스앤젤레스에서는 해변에서의 자유로운 시간뿐만 아니라, 이색적인 [MASK]도 함께 즐길 수 있다.",12,사막에서 보내는 휴가.,〔삶〕,사막캉스,바캉스,,사막+바캉스,24,
KN2023-0132,228,2023,축약,"¶고금리 적금 상품에 대한 가입 경쟁이 치열해지자, 일부 가입자들은 [MASK]를 하기도 한다.",12,"‘선 가입 후 고민’을 줄여 이르는 말. 금리가 높은 적금에 가입부터 한 후, 다른 상품과 비교하며 정기 납입 여부를 결정하는 것을 말한다.",〔경제생활〕,선가후고,충동 구매,,선+가입+후+고민,1,
KN2023-0135,229,2023,축약,¶평소 마셔 보고 싶었던 와인이 할인한다고 하기에 집 주변 [MASK]에 전화로 예약한 후 구매하였습니다.,14,"‘센터 백업(center back-up)’을 줄여 이르는 말. 와인, 위스키 등 고급 주류의 자체적으로 할인하여 판매하는 것을 지지하는 편의점 점주들의 모임. 자체 할인을 최초로 시작한 편의점을 백업한다는 의미로 만들어진 말이다. ⇒규범 표기는 ‘센터백’이다.",〔경제생활〕,센타백,편의점,,센터+백업,11,
KN2023-0139,230,2023,축약,"¶최근 일어난 주가 조작 사건에 대하여, 외국 투자 기업이 먹튀를 넘어 [MASK]를 했다는 전문가 의견이 나왔다.",16,‘속이고 튀다’를 줄여 이르는 말. 자신의 이익을 위해 상대방을 속이고 달아나는 일을 말한다.,〔인간〕,속튀,이탈,,속이다+튀다,38,
KN2023-0141,231,2023,혼성,"¶진지하고 긴 포트폴리오로 자신을 설명하던 기존 세대와 달리, 엠제트 세대는 소셜 미디어나 커머셜 플랫폼을 활용하여 [MASK]를 만들고 자신만의 확고한 취향을 적극적으로 표현한다.",22,"소셜 미디어를 활용하여 자신의 생각이나 감정, 취향 따위를 짧고 가볍게 표현한 콘텐츠.",〔사회생활〕,쇼트폴리오,짧은 경력,,쇼트+포트폴리오,180,상위 30%
KN2023-0144,232,2023,혼성,"¶주세 인상, 소주와 맥주 출고가 인상 등으로 인해 [MASK]이 더 심해져 소비자들은 외식을 줄이고 있다.",15,술의 가격이 급등하는 현상. 곡물 등 술의 주재료의 가격 상승과 물류 비용 증가 등 복합적 원인에 의해 발생한 인플레이션이다.,〔경제생활〕,술플레이션,가격 상승,,술+인플레이션,20,
KN2023-0145,233,2023,혼성,¶실제 [MASK]은 우울증 환자들 사이에서는 널리 알려진 투약 방식으로 보인다.,10,"술과 불면증 치료제인 졸피뎀을 섞어 만든 음료. 일시적인 환각 상태를 느끼기 위해 만들어 마시며, 각종 범죄에 악용되기도 한다.",〔식생활〕,술피뎀,술과 수면제,,술+졸피뎀,17,
KN2023-0151,234,2023,축약,¶한 관계자는 서울시 의회의 조례안이 [MASK]이라며 반발하였다.,7,"‘시사 보도를 완전히 박탈함’을 줄여 이르는 말. 서울시 의회가 ‘티비에스(TBS)’에 대한 예산 지원 중단을 골자로 하는 조례안을 제출하자, 이를 비판하는 맥락에서 나온 말이다.",〔사회생활〕,시보완박,언론 탄압,용례 맥락 부족,시사+보도+완전히+박탈하다,34,
KN2023-0171,235,2023,축약,"¶해양 수산부는 해양 쓰레기 신고를 활성화하고, 피서철 해변 정화를 위해서 [MASK] 캠페인을 추진할 예정이라고 밝혔다.",15,‘알려 주세요. 주워 주세요.’를 줄여 이르는 말. 해안 쓰레기를 알리고 주우며 조깅을 하는 연안 정화 캠페인의 일종이다.,〔사회생활〕,알줍,청소,,알리다+줍다,85,
KN2023-0173,236,2023,축약,"¶남녀의 만남이 자연스러운 만남과 인위적인 만남으로 갈리던 시대를 지나, 바야흐로 인공 지능을 주선자로 삼은 [MASK]의 세상이 도래하였다.",17,‘알고리즘에 의한 만남 추구’를 줄여 이르는 말. 인공 지능 알고리즘이 사용자의 선호도를 세밀하게 파악하여 상대방을 골라 주는 서비스가 인기를 얻으며 사용되기 시작하였다.,〔사회생활〕,알만추,자연스러운 연애,,알고리즘+만남+추구,10,
KN2023-0178,237,2023,축약,"¶[MASK]를 먹으면 포만감이 느껴지고 지방을 연소하는 데 도움이 돼, 체중 감량 효과가 있다고 한다.",14,"‘애플 사이다 비니거’를 줄여 이르는 말. 사과를 발효하여 만든 식초로, 주로 샐러드 소스로 먹거나 물에 희석하여 마신다.",〔식생활〕,애사비,식초,,애플+사이다+비니거,310,상위 30%
KN2023-0179,238,2023,축약,"¶[MASK]는 요즘 시대의 여러 연애를 나타내는 말 중 하나이며, 특히 데이팅 앱의 사용이 늘어나면서 그 비중이 더 증가하였다.",18,‘앱으로 만남 추구’를 줄여 이르는 말. 교제를 목적으로 이성끼리 만나기 위한 데이팅 앱이 인기를 얻으며 사용되기 시작하였다.,〔사회생활〕,앱만추,자만추,,앱+만남+추구,26,
KN2023-0184,239,2023,혼성,"¶[MASK]의 어설픈 권력이 초래할 부정적 상황은 상상을 초월할 수도 있으며, 잘못하면 나라를 파멸시킬 수도 있다.",15,무능력하지만 운이 좋아 당선된 대통령을 비꼬아 이르는 말. ‘어쩌다’와 ‘대통령’을 결합한 말이다.,〔정치와 행정〕,어통령,어린이 대통령,,어쩌다+대통령,13,
KN2023-0185,240,2023,축약,¶지난 대선을 기점으로 정치적으로 자신과 다른 사람에 대한 억까와 자기 편에 대한 [MASK]가 난무하고 있다.,15,‘억지로 빪’을 줄여 이르는 말. 타당한 이유 없이 상대를 칭찬하는 것을 말한다.,〔사회생활〕,억빠,억지 빠순이,,억지로+빨다,9,
KN2023-0187,241,2023,축약,"¶[MASK]의 인기가 온몸을 휘감은 검정색의 롱 패딩, 일명 김밥 패션을 밀어냈다.",11,‘얼어 죽어도 크롭트’를 줄여 이르는 말. 추운 날씨에도 멋을 위해서 길이가 짧은 윗옷이나 외투를 입는 것을 말한다.,〔의생활〕,얼죽크,얼죽아,,얼다+죽다+크롭트,30,
KN2023-0191,242,2023,혼성,¶백 세 시대가 됨에 따라 [MASK]라는 개념이 등장하여 각 분야에서 경험이 풍부한 노년층의 가능성이 재조명을 받고 있다.,17,나이가 들어감에 따라 얻게 되는 능력이나 새로운 가능성을 이르는 말.,〔인간〕,에이지빌리티,고령화,,에이지+어빌리티,4,
KN2023-0192,243,2023,혼성,"¶[MASK]들은 여름철 실내 적정 온도 유지, 전자 제품 플러기 뽑기 등 생활 속에서 실천할 수 있는 에너지 절약 방법을 강조한다.",20,에너지 소비 효율이 높은 제품을 선호하는 소비자.,〔경제생활〕,에피슈머,소비자,,에피션트+컨슈머,15,
KN2023-0195,244,2023,축약,"¶야당은 별도의 [MASK]를 구성하여 여당과 야당을 물론, 정부 주요 인사들도 참여한 국민연금 개혁 방안을 심도 있게 논의해야 한다는 입장을 밝혔다.",20,"‘연금 개혁 특별 위원회’를 줄여 이르는 말. 연금 재정의 확보, 사대 연금의 개혁 방안 등을 논의하기 위해 구성 및 운영된다.",〔정치와 행정〕,연개특위,정치 위원회,,연금+개혁+특별+위원회,48,
KN2023-0202,245,2023,혼성,¶대통령의 비속어 사용을 비판한 한 국회의원에게 그의 과거 논란을 들추며 [MASK]이라는 반격이 가해졌다.,13,남이 욕설을 쓸 때는 비난하다가 자신이 욕설을 쓸 때는 합리화하는 태도를 이르는 말. ‘욕설’과 ‘내로남불’을 결합한 말이다.,〔인간〕,욕로남불,이중잣대,,욕설+내로남불,50,
KN2023-0203,246,2023,혼성,¶여당의 대표는 당의 비상 상황이 그저 [MASK]일 뿐이라며 반박했다.,9,대한민국 대통령실에서 발표하거나 발언한 이야기를 이르는 말. 대한민국 대통령실이 위치한 ‘용산’과 ‘오피셜’을 결합한 말이다.,〔정치와 행정〕,용피셜,대통령실 발표,,용산+오피셜,194,상위 30%
KN2023-0206,247,2023,혼성,¶체육과를 방문한 O 씨는 [MASK]들의 수업 전 몸풀기에 눈이 휘둥그레졌다.,10,‘운동’을 열광적으로 좋아하는 사람.,〔인간〕,운친자,운동 파트너,,운동+미친자,13,
KN2023-0208,248,2023,혼성,¶[MASK]은 누구나 쉽게 참여할 수 있다는 점 때문에 여름철 지역 축제에서 자주 활용되는 게임이다.,14,물 위에 떠 있는 컵 안에 탁구공을 넣는 게임.,〔삶〕,워터퐁,탁구,,워터+핑퐁,24,
KN2023-0213,249,2023,혼성,¶[MASK]의 영향으로 많은 예비 부부들이 결혼식을 올리기를 주저하고 있다.,9,결혼식을 준비하는 데 필요한 비용이 급등하는 현상.,〔경제생활〕,웨딩플레이션,혼수 비용,,웨딩+인플레이션,310,상위 30%
KN2023-0219,250,2023,혼성,¶국내 3대 유통 기업으로 불리는 이른바 '[MASK]'는 여전히 나란히 글로벌 100대 유통 기업에 포함되었지만 순위에서 큰 변동이 나타났다.,18,"대형 전자 상거래 기업 ‘이마트, 롯데마트, 쿠팡’을 아울러 이르는 말. 각 기업의 일부 글자를 따 만들어진 말이다.",〔경제생활〕,이마롯쿠,대기업,,이마트+롯데마트+쿠팡,188,상위 30%
KN2023-0220,251,2023,축약,¶정부가 발표한 부동산 대책에 대해 [MASK]이라는 비판이 거세지고 있다.,9,"‘이사할 자유를 완전히 박탈함’을 줄여 이르는 말. 정부의 잘못된 부동산 정책으로 인해 국민들이 주거 불안을 느끼게 되자, 이를 비판하기 위해 나온 말이다.",〔주생활〕,이사완박,탁상행정,,이사하다+완전히+박탈하다,80,
KN2023-0221,252,2023,축약,"¶일부 정치 세력은 기호 2번을 찍은 이십 대 남자들의 생각을 이해하려고 하기보다는, 그들을 [MASK]이라고 비하하기만 한다.",16,대통령 선거 또는 국회 의원 선거에서 ‘기호 이 번을 찍은 이십 대 남성’을 줄여 이르는 말. 차별 및 비하하는 의미가 포함되어 있으므로 사용에 주의가 필요하다.,〔정치와 행정〕,이찍남,이재명 찍는 남자,,이+찍다+남자,7,
KN2023-0223,253,2023,혼성,"¶아랍에미리트는 에미라티라고 불리는 순수 혈통은 11.5%정도이고, 나머지는 [MASK]를 중심으로 한 외국인 근로자들이다.",12,"인도반도에 있는 공화국 ‘인도, 파키스탄, 방글라데시, 스리랑카’를 아울러 이르는 말.",〔정치와 행정〕,인파방스,동남아,,인도+파키스탄+방글라데시+스리랑카,2,
KN2023-0239,254,2023,혼성,¶업무의 효율성과 생산성을 높이기 위해 사무실로 출근하라는 회사와 재택근무가 업무에 효율적이라고 주장하는 직원들은 [MASK]에 빠져 있다.,16,직장에 출근하지 않고 집에서 직장 업무를 하는 것에 대해 회사 측과 직원들의 생각이 다름을 동상이몽에 빗대어 이르는 말. 코로나19의 팬데믹 기간 동안 재택근무의 도입에 적극적이었던 아이티(IT) 기업들이 최근에 사무실에 출근하는 것으로 근무 방식을 전환하게 되면서 생겨난 말이다.,〔사회생활〕,재택이몽,이심전심,,재택근무+동상이몽,3,
KN2023-0242,255,2023,혼성,"¶OO 은행은 엠제트 세대에게 다가가기 위해, 혜택과 함께 재미를 추구하는 [MASK] 마케팅을 실시하고 있다.",14,"재미를 추구하는 재테크. ‘재미’와 ‘재테크’가 결합한 말로, 금융 플랫폼에서 캐릭터를 공유하여 임무를 수행하거나 지인과 함께 포인트를 받는 과정을 재미있게 느끼면서 재테크를 하는 것을 말한다.",〔경제생활〕,잼테크,취미 투자,,잼+재테크,226,상위 30%
KN2023-0243,256,2023,혼성,"¶제트 세대를 표현하는 주요 키워드로는 금융 앱에서 미션의 수행에 재미를 느끼면서 재테크를 하는 잼테크, 인기 있는 곳을 방문하더라도 그 주변 지역까지 관심을 보이는 [MASK] 등이 있다.",26,"제트 세대가 인기 있는 장소를 방문하는 여정을 이르는 말. 제트 세대는 핫 플레이스를 방문하더라도 그 주변까지 관심을 보이며, 인근 지역까지 인기 있는 공간으로 확산되는 현상을 의미한다.",〔삶〕,저니,여행,,제트세대+저니,310,상위 30%
KN2023-0248,257,2023,축약,"¶최근 한 기업의 대표가 우스갯소리로 [MASK]라고 말한 바 있는데, 이에 대한 직원들의 반발이 거세지고 있다.",15,‘절이 싫으면 중이 떠나야지.’를 줄여 이르는 말. 어떤 곳이나 어떤 조직이 싫어지면 싫어진 그 사람이 떠나야 함을 이르는 말이다.,〔사회생활〕,절싫중떠,각자도생,용례 맥락 부족,절+싫다+중+떠나다,1,
KN2023-0250,258,2023,축약,"¶여당과 야당 간에 의견이 팽팽히 맞서고 있는 법안에 대한 발의가 예고되자, O은 해당 법안을 [MASK]이라며 비난하였다.",16,‘정부의 권한을 완전히 박탈함’을 줄여 이르는 말.,〔정치와 행정〕,정부완박,정치 위기,,정부+완전히+박탈하다,310,상위 30%
KN2023-0258,259,2023,축약,¶최근 한국 축구 대표 팀을 응원하기 위해 [MASK]가 사용되고 있는 것을 심심치 않게 확인할 수 있다.,16,‘중요한 것은 꺾이지 않는 마음’을 줄여 이르는 말.,〔인간〕,중꺾마,포기 금지,,중요하다+꺾이지않다+마음,310,상위 30%
KN2023-0259,260,2023,축약,¶오십이 넘은 사람들에게 가장 필요한 것은 '중꺾마'가 아니라 바로 [MASK]이다.,10,‘중요한 것은 꺾이지 않는 허리’를 줄여 이르는 말. 허리 건강의 중요성을 ‘중꺾마’에 빗대어 재미있게 이르는 말이다.,〔인간〕,중꺾허,선택,,중요하다+꺾이지않다+허리,1,
KN2023-0263,261,2023,축약,¶모 기업이 매주 수요일마다 직원들을 대상으로 즉시 퇴근을 의미하는 이른바 '[MASK]'에 당첨될 인원을 세명씩 추첨하는 이벤트를 진행하여 화제가 되고 있다.,20,‘즉시 퇴근’을 줄여 이르는 말.,〔사회생활〕,즉퇴,칼퇴,,즉시+퇴근,7,
KN2023-0265,262,2023,혼성,¶최근 분양 시장에서는 직장과 가까운 곳이 사는 것이 즐겁다는 의미를 담은 [MASK]이라는 말이 유행이다.,14,"직장과 가까운 곳이 즐겁다는 것을 이르는 말. 주로 분양 시장에서 직장과 가까운 아파트가 선호된다는 것을 의미하는 말로, ‘직장’과 즐거움을 의미하는 한자어인 ‘락(樂)’을 결합하여 만든 말이다.",〔주생활〕,직락,실직,,직장+락,22,
KN2023-0268,263,2023,혼성,"¶추석을 앞두고 대형 마트와 백화점 등의 유통업계와 호텔업계는 [MASK]를 즐기는 사람들을 겨냥한 참치, 한우 선물 세트를 내놓았다.",17,다양한 특선 요리를 집에서 즐기는 것을 이르는 말. ‘집’과 ‘오마카세’를 결합하여 만든 말이다.,〔식생활〕,집마카세,집밥,,집+오마카세,25,
KN2023-0269,264,2023,혼성,¶최고의 직업으로 선망받던 공무원은 근래 [MASK]과 같은 조롱을 받으며 그 위상이 급격하게 떨어지고 있다.,14,"인터넷 커뮤니티 따위에서, 업무의 어려움이나 박봉을 호소하는 공무원을 비난조로 이르는 말. ‘징징대다’와 ‘공무원’을 결합한 말이다.",〔사회생활〕,징무원,철밥통,,징징대다+공무원,4,
KN2023-0273,265,2023,혼성,"¶평소에는 100그램당 1,500원에서 1,600원대로 거래되는 [MASK]가 명절이 되면 참치 선물 세트의 공급이 늘어나면서 1,300원까지 떨어지기도 한다.",16,참치 선물 세트를 되팔 때의 시세를 수치로 나타낸 것. 고물가에 경기 침체의 우려까지 겹치면서 명절 선물을 온라인상에서 되팔아 생활비 등에 보태려고 하는 현상이 나타나며 등장하였다.,〔경제생활〕,참스피,참치 스파게티,,참치+코스피,8,
KN2023-0275,266,2023,축약,¶직원들은 창문형 에어컨의 고질적인 문제로 손꼽히는 [MASK]와 소음 현상을 해결하고자 많은 노력을 들였다고 밝혔다.,14,‘에어컨이 창문 안으로 툭 튀어 나오다’를 줄여 이르는 말. 창문형 에어컨의 고질적인 문제점으로 꼽히는 현상이다.,〔주생활〕,창툭튀,부조화,,창문형에어컨+툭+튀어나오다,2,
KN2023-0277,267,2023,혼성,"¶최근 과시적인 소비 행태가 줄어들고, 한정된 자원에 전략적인 지출을 추구하는 '[MASK]'가 주목받고 있다.",13,한정된 자원을 최대한 효율적으로 사용하기 위해 여러 서비스나 혜택 등을 실속적으로 누리며 알뜰하게 소비하는 소비자. 체리피커(Cherry Picker)와 소비자(Consumer)를 결합하여 만든 말이다.,〔경제생활〕,체리슈머,체리피커,,체리피커+컨슈머,310,상위 30%
KN2023-0286,268,2023,혼성,"¶에스프레소 바가 유행하면서, 여러 종류의 커피를 다양하게 경험할 수 있는 [MASK]가 늘고 있다.",13,바리스타가 여러 가지 커피를 다양하게 경험할 수 있도록 내놓는 커피 코스 메뉴. 또는 그런 것을 내놓는 카페. '커피'와 '오마카세'를 결합하여 만든 말이다.,〔식생활〕,커피카세,카페,,커피+오마카세,11,
KN2023-0287,269,2023,혼성,¶수입 원두 가격의 하락에도 불구하고 커피 가격이 변하지 않자 [MASK]에 대한 우려가 나오기 시작했다.,14,"원두의 가격이 내려가는데도, 커피의 가격이 내려가지 않고 오히려 인상되는 현상.",〔경제생활〕,커필레이션,커피값,,커피+인플레이션,2,
KN2023-0289,270,2023,축약,¶기업에선 핵심 타깃인 MZ세대의 취향을 반영하기 위해 [MASK] 이벤트를 기획하기도 하였다.,11,‘케이크 꾸미기’를 줄여 이르는 말. 생크림과 과자 그리고 여러 장식품 등을 활용하여 케이크를 장식하는 행위를 이르는 말이다.,〔식생활〕,케꾸,베이킹,용례 맥락 부족,케이크+꾸미다,4,
KN2023-0291,271,2023,혼성,¶경기 침체와 '[MASK]'이 맞물리자 소비자들은 마트에서 파는 가격이 저렴한 케이크로 눈길을 돌리고 있다.,13,케이크의 가격이 급등하는 현상. 원재료 가격 상승과 인건비 인상으로 인해 발생한 인플레이션이다.,〔경제생활〕,케이크플레이션,인플레이션,,케이크+인플레이션,45,
KN2023-0292,272,2023,혼성,"¶의료 연대 본부는 ""현재 수많은 공공병원들이 [MASK]의 결과를 정부의 지원없이 감수하고 있다.""라며 공공병원들의 심각한 경영난을 겪고 있음을 호소하였다.",18,"코로나19의 확산세가 줄어들자, 코로나 환자 수용을 위해 가용하였던 공공병원의 운영상의 어려움에도 불구하고, 정부가 공공 병원에 대한 지원을 중단한 것을 토사구팽에 비유하여 이르는 말.",〔정치와 행정〕,코사공팽,방역,,코로나+토사구팽,3,
KN2023-0298,273,2023,혼성,¶최근 '[MASK]'이라는 말을 사용하며 성소수자와 무슬림에 대한 혐오를 표현하는 사람이 늘고 있다.,12,성 소수자와 이슬람 교도를 아울러 이르는 말. 성 소수자를 이르는 ‘퀴어’와 ‘이슬람’을 결합하여 만든 말이다. 차별 및 비하하는 의미가 포함되어 있으므로 사용에 주의가 필요하다.,〔인간〕,퀴어슬람,성소수자 혐오,,퀴어+이슬람,6,
KN2023-0300,274,2023,혼성,¶최근 크루아상을 누룽지처럼 만들어 먹는 [MASK]가 에스엔에스 등에서 화제의 간식으로 인기몰이 중이다.,12,크루아상을 누룽지처럼 납작하게 구워 만든 음식. 크루아상과 누룽지를 합하여 만든 말이다.,〔식생활〕,크룽지,과자,,크루아상+누룽지,310,상위 30%
KN2023-0301,275,2023,혼성,"¶전문가들은 신속한 배송을 기반으로 하는 '[MASK]'가 확산함에 따라, 이를 선점하는 사업자가 시장을 장악할 것으로 진단했다.",15,간편한 온라인 쇼핑과 신속한 배송을 중심으로 이루어지는 여러 가지 경제 활동을 이르는 말. ‘클릭(click)’과 ‘이코노미(economy)’를 결합하여 만든 말이다.,〔경제생활〕,클릭코노미,온라인 쇼핑,,클릭+이코노미,9,
KN2023-0302,276,2023,혼성,¶작년 11월에 스페인의 자연 암벽인 라 람블라를 아시아 여성 최초로 완등한 ○○○은 어릴 때부터 클라이밍 교육을 받은 이른바 [MASK]'로 불린다.,20,암벽 따위를 등반하는 스포츠인 클라이밍에 대한 재능을 가진 사람을 비유적으로 이르는 말.,〔삶〕,클수저,금수저,,클라이밍+수저,1,
KN2023-0307,277,2023,혼성,¶이른바 '[MASK]'에 채용되려는 구직자들이 대거 몰리자 채용 홈페이지가 먹통이 되는 현상이 발생했다.,12,대형 자동차 기업인 ‘현대’의 생산 분야 직무의 급여나 처우가 매우 좋음을 강조하여 이르는 말. 영어 단어 ‘킹(king)’과 ‘생산직’을 결합하여 만든 말이다. =킹차킹산직.,〔사회생활〕,킹산직,최고 직장,용례 맥락 부족,킹+생산직,310,상위 30%
KN2023-0310,278,2023,혼성,¶최근 토트넘의 주장이 이적을 요구하자 현지 언론에선 '[MASK]'이 가장 큰 화제가 되었다.,12,영국의 축구팀인 ‘토트넘(Tottenham)’에서 다른 팀으로 이적하는 것을 이르는 말. 혹은 다른 팀으로 이적한 선수들이 좋은 성적을 달성하는 현상을 재미있게 이르는 말.,〔사회생활〕,탈트넘,이적,,탈+토트넘,310,상위 30%
KN2023-0312,279,2023,혼성,¶주요 기업들이 이윤을 늘리기 위해 전쟁과 팬데믹 등을 핑계로 '[MASK]'을 지지하고 있는 실정이다.,13,기업의 이윤 증대를 위한 지나친 욕심이 주된 원인이 되어 나타나는 인플레이션. =탐욕 인플레이션.,〔경제생활〕,탐욕플레이션,인플레이션,,탐욕+인플레이션,3,
KN2023-0314,280,2023,축약,"¶내가 좋아하는 아이돌의 포토 카드를 탑로더에 담아 손상 없이 보관하고, 탑로더에 스티커, 파츠 등을 꾸미는 '[MASK] 역시 요즘 유행 중 하나이다.",21,‘탑로더 꾸미기’를 줄여 이르는 말. 카드의 손상을 막기 위하여 사용하는 물건인 탑로더에 스티커나 액세서리 등을 붙여 장식하는 행위를 이르는 말이다.,〔삶〕,탑꾸,탑 꾸미기,,탑로더+꾸미다,232,상위 30%
KN2023-0317,281,2023,축약,¶저녁 9시가 넘어서 보내는 상사의 [MASK] 때문에 너무 스트레스 받는데 어떻게 해야 합니까?,13,‘퇴근 후에 보내는 카카오톡’을 줄여 이르는 말.,〔사회생활〕,퇴톡,퇴근 인사,,퇴근+카카오톡,4,
KN2023-0319,282,2023,축약,¶엠제트 세대는 정시 퇴근을 준비하며 [MASK]를 정하는 것을 하루의 소소하지만 커다란 행복으로 삼는다.,13,"‘퇴근 후 푸드’를 줄여 이르는 말. ‘퇴근’과 음식을 의미하는 ‘푸드(food)’를 결합하여 만든 말로, 퇴근 후에 먹는 음식을 의미한다.",〔식생활〕,퇴푸,저녁 메뉴,,퇴근+푸드,1,
KN2023-0322,283,2023,축약,¶[MASK]인 법무부 장관 등이 법무부와 FBI를 정치적 도구로 타락시키려 했지만 결국은 실패했다.,12,‘트럼프의 핵심 관계자’를 줄여 이르는 말.,〔정치와 행정〕,트핵관,측근,,트럼프+핵심+관계자,15,
KN2023-0329,284,2023,혼성,¶최근에 여성들이 적극적으로 건강을 돌보기 시작하면서 여성의 건강과 관련된 [MASK]가 많은 관심을 끌고 있다.,14,여성의 건강이나 몸을 관리하기 위한 상품 또는 서비스.,〔보건ㆍ의학〕,펨케어,여성 케어,,페미닌+케어,60,
KN2023-0333,285,2023,축약,"¶편의점들이 자체 커피 브랜드의 맛 개선을 위해 총력을 기울이자, 텀블러에 [MASK]를 담아 마시는 사람들도 대거 등장했다.",16,‘편의점에서 판매하는 커피’를 줄여 이르는 말. 편의점에서 자체적으로 판매하는 커피를 이르는 말이다.,〔식생활〕,편커,캔커피,,편의점+커피,10,
KN2023-0334,286,2023,혼성,¶최근 편의점 업계에서 자사 브랜드 에스엔에스 채널을 통하여 선보이는 '[MASK]'가 많은 인기를 얻고 있다.,14,유튜브나 SNS 따위에 공유되는 편의점 관련 컨텐츠. ‘편의점’과 ‘콘텐츠(contents)’를 결합하여 만든 말이다.,〔삶〕,편텐츠,맞춤 방송,,편의점+콘텐츠,52,
KN2023-0335,287,2023,축약,"¶편의점에서 물건을 주문한 뒤 직접 가져갈 수 있는 '[MASK]'이 출시된 후, 어마어마한 속도로 이용자가 상승하는 추세를 보이고 있다.",18,"‘편의점 픽업(pick up) 서비스’를 줄여 이르는 말. 상품을 미리 주문한 뒤, 원하는 시간에 편의점에서 직접 물건을 수령해 갈 수 있는 서비스를 말한다.",〔경제생활〕,편픽,서비스,,편의점+픽업,100,상위 30%
KN2023-0351,288,2023,혼성,¶선물받은 명절 선물을 되파는 일이 확산되며 [MASK]와 같은 신종 지수도 등장했다.,11,명절 선물 세트의 주된 구성품인 햄을 되파는 일이 확산되어 일시적 공급 과다로 시가가 낮아지는 현상을 코스피에 비유하여 이르는 말.,〔경제생활〕,햄스피,시가,,햄+코스피,11,
KN2023-0353,289,2023,혼성,¶한때 '천스닥'으로 불리던 코스닥은 급락을 거듭하며 이제는 기어이 '[MASK]'으로 불리는 상황까지 내몰리고 말았다.,13,코스닥 지수가 절망적인 상황인 것을 지옥에 빗대어 이르는 말. 지옥을 의미하는 영어 단어 ‘헬(hell)’과 ‘코스닥’을 결합하여 만든 말이다.,〔경제생활〕,헬스닥,주식 하락,,헬+코스닥,13,
KN2023-0354,290,2023,혼성,¶개인 투자자들은 [MASK]가 따로 없는 상황이라며 목소리를 높였다.,8,코스피 지수가 절망적인 상황인 것을 지옥에 빗대어 이르는 말. 지옥을 의미하는 영어 단어 ‘헬(hell)’과 ‘코스피’를 결합하여 만든 말이다.,〔경제생활〕,헬스피,지옥,용례 맥락 부족,헬+코스피,9,
KN2023-0358,291,2023,혼성,¶OO 마트는 추석 사전 예약 기간에 오마카세 요리를 집에서 편히 즐길 수 있도록 '[MASK]' 선물 세트를 10만 원 미만 가격으로 선보인다고 밝혔다.,22,다양한 특선 요리를 집에서 즐기는 것을 이르는 말. 집을 의미하는 ‘홈(home)’과 ‘오마카세’를 결합하여 만든 말이다.,〔식생활〕,홈마카세,집밥,,홈+오마카세,310,상위 30%
KN2023-0362,292,2023,혼성,"¶기록적인 폭염으로 인한 [MASK]의 우려도 나오는데, 이는 가뭄으로 농산물의 작황이 악화하면서 이미 전쟁으로 폭등한 식량 가격이 더 뛸 수 있다는 의미로 해석된다.",22,폭염이 작황에 영향을 주어 국제 곡물 가격이 상승하는 현상.,〔경제생활〕,히트플레이션,난방 비용,,히트+인플레이션,310,상위 30%
KN2023-0363,293,2023,혼성,¶[MASK]는 유행에 편승하지 않고 브랜드 고유의 스타일과 가치를 추구한다.,9,무작정 유행을 좇지 않고 브랜드 고유의 가치와 개성을 중요시하는 것. ‘힙(Hip)’과 ‘프레스티지(Prestige)’를 결합하여 만든 말이다.,〔인간〕,힙스티지,명품,,힙+프레스티지,66,
KN2024-0005,294,2024,혼성,"¶OO자동차의 사무직은 취업 준비생들에게 [MASK]이라 불리는데, 이는 임금, 복지 등이 최고 수준이기 때문이다.",13,"신을 의미하는 ‘갓(god)’과 ‘사무직(事務職)’을 결합하여 만든 말로, 안정적이고 근무 조건이 좋은 사무직을 비유적으로 이르는 말.",〔사회생활〕,갓무직,꿀 사무직,,갓+사무직,20,
KN2024-0006,295,2024,축약,"¶같은 서울 안에서도 목동과 [MASK] 등 일부 지역은 최고가 경신이 이어지는 반면, 여전히 하락세인 곳도 적지 않다.",17,"집값이 높은 강남, 서초, 용산, 송파를 아울러 이르는 말.",〔주생활〕,강서용송,8학군,,강남+서초+용산+송파,1,
KN2024-0008,296,2024,혼성,"¶자신들의 공천 결과에 대해 스스로 극찬하던 여당의 공천이, 지금은 [MASK]이라는 말이 나온다.",12,‘김건희 특검법’ 처리 과정에서 방어 역할을 하던 일부 인물들이 이용 가치가 사라지자 공천에서 배제된 상황을 ‘토사구팽(?死狗烹)’에 빗대어 이르는 말. 차별 및 비하하는 의미가 포함되어 있으므로 사용에 주의가 필요하다.,〔사회생활〕,건생구팽,토사구팽,,김건희+생+토사구팽,150,상위 30%
KN2024-0009,297,2024,혼성,"¶검찰 출신 이른바 [MASK] 인사들은 당선이 유력한 지역에 배치하면서, 장차관 출신 인사들은 험지로 내모는 것이냐는 비판이 나온다.",17,검찰 출신이라는 배경을 특권적 자산으로 가진 사람을 비유적으로 이르는 말.,〔정치와 행정〕,검수저,검찰 특권층,,검찰+수저,10,
KN2024-0016,298,2024,혼성,"¶작년 말부터 주요 플랫폼의 구독료가 잇따라 인상되면서, 이른바 [MASK] 현상이 가속화되고 있다.",12,"디지털 기반 구독형 서비스의 요금이 잇달아 인상되며 소비자가 체감하는 물가 부담이 증가하는 현상. ‘구독(購讀)’과 ‘인플레이션(inflation)’을 결합하여 만든 말로, 넷플릭스·디즈니플러스 등의 오티티(OTT), 유튜브 프리미엄과 같은 스트리밍 서비스, 쿠팡·마켓컬리 등 배달 플랫폼 등의 다양한 구독형 디지털 상품의 비용이 누적되면서 발생하는 소비자의 지출 증가 현상을 나타내는 말이다.",〔경제생활〕,구독플레이션,구독료 인상,,구독+인플레이션,120,상위 30%
KN2024-0022,299,2024,축약,¶이웃 주민들이 함께 집으로 돌아가는 이른바 [MASK]이 점점 늘어나고 있다.,10,"‘귀가 파트너’를 줄여 이르는 말로, 같은 지역이나 거주지로 귀가하는 사람들이 안전을 위해 모여 함께 이동하는 모임. 또는 그런 사람들.",〔사회생활〕,귀가팟,퇴근 모임,,귀가+파트너,4,
KN2024-0032,300,2024,축약,¶직장인 OOO 씨는 [MASK]을 실현하기 위한 프로그램에 참여해 자기 자신을 탐색하는 시간을 가졌다.,13,"‘나의 확실한 행복’이라는 뜻으로, 작지만 분명하게 느낄 수 있는 자기만의 행복을 이르는 말.",〔삶〕,나확행,자기 만족,,나+확실하다+행목,1,
KN2024-0034,301,2024,축약,¶역시 홈카페보단 [MASK]가 맛있어.,4,‘남이 타준 커피’를 줄여 이르는 말.,〔식생활〕,남타커,카페라떼,,남+타주다+커피,17,
KN2024-0035,302,2024,축약,¶[MASK] 심리에 사로잡힌 청년층들의 사회적 고립과 분노가 폭탄처럼 터져 나온다.,10,"‘내가 세상에서 가장 불쌍하다’를 줄여 이르는 말로, 자신의 처지를 자조적으로 이르는 표현이다.",〔삶〕,내세가불,자기 비하론,,내+세상+가장+불쌍하다,1,
KN2024-0036,303,2024,혼성,¶캣맘들이 돌보는 [MASK]들 때문에 쓰레기통 주변이 지저분해졌다는 민원이 잇따르고 있다.,10,"‘고양이’와 ‘바퀴벌레’가 결합한 말로, 길고양이를 해충처럼 멸시하며 낮잡아 이르는 말.",〔동식물〕,냥퀴벌레,바퀴벌레 길고양이,,냥이+바퀴벌레,1,
KN2024-0037,304,2024,축약,¶국내 AI 생태계에서의 지원은 대부분 [MASK] 대기업들이 주도하는 초거대 AI 및 반도체 경쟁에 편중되어 있다는 비판이 나온다.,17,"대형 아이티 기업 ‘네이버, 카카오, 엘지, 에스케이티, 케이티’를 아울러 이르는 말. 각 기업의 앞 글자를 따 만들어진 말로, 인공 지능 개발 경쟁 구도를 지칭할 때 주로 쓰인다.",〔사회생활〕,네카엘스크,인공지능 대표 업체,,네이버+카카오+엘지+에스케이티+케이티,3,
KN2024-0038,305,2024,축약,¶회사의 커뮤니티에 직원들이 게시글을 올릴 때 노조 가입 완료를 의미하는 [MASK]을 꼭 제목에 붙여 준다.,15,‘노조 가입 완료’를 줄여 이르는 말. 사내 게시판에서 노동조합 가입 인증을 하거나 노동조합에 가입한 사람들 간 연대감을 드러내기 위해 사용하는 표현이다.,〔사회생활〕,노가완,노조 가입 인증,,노조+가입+완료,36,
KN2024-0039,306,2024,혼성,¶그는 매년 신곡를 발표하고 팬들을 위한 콘서트를 개최하는 등 중장년의 나이에도 꾸준한 성과를 보여 주었기에 [MASK]이라 불린다.,17,"‘노년(老年)’과 ‘아이돌(idol)’을 결합한 말로, 고령의 나이에도 불구하고 무대에서 춤과 노래를 선보이며, 젋은 세대 못지 않은 인기를 끄는 연예인을 일컫는 말.",〔문화〕,노년돌,시니어 아이돌,,노년+아이돌,13,
KN2024-0045,307,2024,축약,¶최근 MZ세대 사이에서는 공부와 자기 계발을 뜻하는 뇌를 꾸민다는 의미의 [MASK]가 유행하고 있다.,13,‘뇌 꾸미기’를 줄여 이르는 말. 공부나 독서 등을 통해 지식을 쌓는 행위를 비유적으로 이르는 표현이다.,〔삶〕,뇌꾸,정신적 리모델링,,뇌+꾸미다,2,
KN2024-0050,308,2024,축약,¶이른바 [MASK]라고 불리는 불법 사설 토토 대리 배팅도 청소년 도박 범죄를 부추기는 요인이라고 한다.,14,"‘대리 토토’를 줄여 이르는 말로, 불법 사설 스포츠 도박에서 배팅을 대신해 주는 행위를 가리킨다. 불법성과 사기 위험이 높아 사회적으로 문제가 되는 행위이다.",〔경제생활〕,댈토,대리 도박,,대리+스포츠토토,4,
KN2024-0051,309,2024,혼성,¶최근 유튜브에서는 [MASK]들의 문제 행동을 교정해 주는 영상이 인기를 얻고 있다.,11,"강아지를 뜻하는 ‘댕댕이’와 ‘금쪽이’가 결합한 말로, 문제 행동을 보이는 반려견을 이르는 말.",〔동식물〕,댕쪽이,문제적 반려견,,댕댕이+금쪽이,4,
KN2024-0052,310,2024,혼성,¶시청에서는 지역 내 등록된 반려견을 대상으로 [MASK]를 뽑아 활동을 지원할 예정이라고 밝혔다.,12,"강아지를 뜻하는 ‘댕댕이’와 ‘인플루언서(influencer)’가 결합한 말로, 반려견 중심의 활동으로 많은 대중에게 영향력을 미치는 사람.",〔인간〕,댕플루언서,강아지 인플루언서,,댕댕이+인플루언서,52,상위 30%
KN2024-0054,311,2024,축약,¶이 업체는 최근 인테리어 비용이 치솟으면서 [MASK]만 하겠다는 고객이 많아졌다고 전했다.,11,"‘도배, 장판, 필름’을 아울러 이르는 말. 인테리어 공사에서 전체 리모델링을 진행하지 않고 기본적인 시공만 하는 것을 이르는 말이다.",〔주생활〕,도장필,기본시공,,도배+장판+필름,2,
KN2024-0055,312,2024,혼성,¶스마트폰 과소비 국가인 대한민국에서 특히 아동과 청소년들은 [MASK]의 위험에 고스란히 노출되어 있습니다.,12,사람들이 흥분과 쾌락을 주는 경험을 적극적으로 찾아다니는 현상. 흥분 전달에 관여하는 신경 전달 물질인 ‘도파민’과 게임에서 아이템을 모으는 일을 뜻하는 ‘파밍’을 결합하여 만든 말이다.,〔삶〕,도파밍,도파민 ,,도파민+파밍,330,상위 30%
KN2024-0063,313,2024,혼성,"¶뉴욕은 정착 인구보다 유동 인구가 많고, 사람과 문화의 이동 및 교류가 활발하여, [MASK]이라 불린다.",14,사람과 문화의 이동 및 교류를 통해 액체처럼 유연하게 연결ㆍ변화하며 다핵적으로 발전하는 현대의 도시 형태. 또는 그러한 현상.,〔사회생활〕,리퀴드폴리탄,다차원 도시화,,리퀴드+메트로폴리탄,330,상위 30%
KN2024-0065,314,2024,축약,¶정부는 지역시민과 한 약속을 어기고 [MASK]하며 그들을 기만했다.,8,‘말 따로 행동 따로’를 줄여 이르는 말. 말과 행동이 서로 들어맞지 않는 태도를 비난할 때 쓰는 표현이다.,〔인간〕,말따행따,표리부동,,말+따로+행동+따로,139,상위 30%
KN2024-0066,315,2024,축약,¶남주는 특유의 그렁그렁한 [MASK]으로 팬심을 사로잡았다.,6,"‘맑은 눈’을 줄여 이르는 말로, 티없이 깨끗하고 또렷한 눈을 이르는 말.",〔인간〕,맑눈,수정 같은 눈,,맑다+눈+광인,1,
KN2024-0067,316,2024,혼성,¶너무나도 더운 날씨에 떨어진 입맛을 되찾기 위해 [MASK]가 된 요리를 먹어볼 수 있는 경연대회가 금일 열린다.,16,기존의 인기 제품에 맛을 추가하거나 변형하여 다양한 버전으로 확장하는 일. ‘맛’과 ‘업그레이드(upgrade)’를 결합하여 만든 말이다.,〔식생활〕,맛그레이드,혁신적 향상,,맛+업그레이드,43,상위 30%
KN2024-0068,317,2024,혼성,¶이번 달은 맥주 애호가들을 위해 취향에 맞게 맥주를 골라 구매할 수 있는 [MASK] 콘셉트로 행사가 진행된다.,16,편의점에서 맥주를 묶음으로 다양하게 할인하는 행사를 이르는 말. ‘맥주’와 ‘오마카세’를 결합하여 만든 말이다.,〔경제생활〕,맥마카세,맥주 종합 세트,,맥주+오마카세,24,
KN2024-0069,318,2024,혼성,"¶엠제트 세대 사이에서 매운 음식을 즐기는 경향이 강해지면서, 매운맛에서 쾌감을 느끼는 [MASK]에 중독되는 사람들이 늘어나고 있다.",16,매운 음식을 먹었을 때 분비되는 엔도르핀으로 인해 느껴지는 즐거움을 이르는 말. ‘맵다’와 ‘엔도르핀(endorphin)’을 결합하여 만든 말이다.,〔인간〕,맵도르핀,엔도르핀,,맵다+엔도르핀,52,상위 30%
KN2024-0070,319,2024,혼성,¶[MASK]이 터지는 매운 음식을 선호하는 사람들이 증가하면서 위염 환자도 늘어나고 있다.,11,매운 음식을 먹었을 때 분비되는 도파민으로 인해 느껴지는 즐거움을 이르는 말. ‘맵다’와 ‘도파민(dopamine)’을 결합하여 만든 말이다.,〔인간〕,맵파민,도파민,,맵다+도파민,67,상위 30%
KN2024-0071,320,2024,혼성,¶명언 제조기로 불리는 [MASK]이 이번에도 울림 있는 한마디로 밈(meme)을 만들어 내며 큰 화제 되었다.,14,방송ㆍ인터뷰ㆍ누리 소통망 서비스(SNS) 등에서 감동적이거나 삶에 울림을 주는 발언을 자주 남기는 아이돌을 이르는 말. ‘명언(名言)’과 ‘아이돌(idol)’을 결합하여 만든 말이다.,〔문화〕,명언돌,아이돌,,명언+아이돌,1,
KN2024-0087,321,2024,혼성,¶[MASK]에 번번이 실패한 독자들이 온라인을 중심으로 아쉬움을 토로하고 있다.,9,출판사가 운영하는 유료 멤버십이나 한정 도서 구매 등에 많은 사람이 한꺼번에 몰려 치열한 경쟁을 벌이는 일을 이르는 말. ‘북 클럽(book club)’과 ‘티켓팅(ticketing)’을 결합하여 만든 말이다.,〔삶〕,북켓팅,티켓팅,,북+티켓팅,1,
KN2024-0088,322,2024,혼성,¶10개월 된 딸을 둔 OOO 선수는 최근 스테로이드를 맞은 것처럼 월등한 실력을 보여주면서 [MASK]라는 별명을 얻었다.,16,"어린 자녀를 둔 가장이 경제적 책임을 다하기 위해, 성과급이나 계약 체결 등에 평소 이상으로 강한 의욕과 에너지를 드러내는 모습을 약물에 빗대어 이르는 말.",〔삶〕,분유로이드,로이더,,분유+스테로이드,1,
KN2024-0092,323,2024,혼성,¶쇼핑몰의 판매 실적을 늘리기 위해 수취인 불명의 택배를 부치는 [MASK]이 늘어나고 있다.,12,온라인 쇼핑몰에서 판매 실적과 상품 후기를 조작하기 위해 실제 주문과 상관없이 무작위로 소비자에게 물건을 발송하는 행위.,〔경제생활〕,브러싱캠,무인 택배,,브러싱+스캠,2,
KN2024-0100,324,2024,축약,¶그는 진영을 넓혔으니 이제는 [MASK] 전략만이 국민이 나아갈 수 있는 최선의 길이라고 말했다.,13,"‘비례대표 선거에서는 조국혁신당에, 지역구 선거에서는 더불어민주당에 투표’를 뜻하는 말. 2024년 4월 10일에 실시된 대한민국 제22대 국회 의원 선거에서 나온 표현이다.",〔정치와 행정〕,비조지민,정치 전략,,비례대표선거+조국혁신당+지역구선거+더불어민주당,150,상위 30%
KN2024-0105,325,2024,혼성,¶전국적으로 빈대 확산에 대한 공포가 커지면서 [MASK]이라는 말까지 나오고 있습니다.,10,"빈대가 특정 지역이나 국가를 넘어 광범위하게 확산하여 사회적 불안과 피해를 일으키는 현상을, 감염병의 확산을 뜻하는 ‘팬데믹(pandemic)’에 빗대어 이르는 말.",〔사회생활〕,빈대믹,팬데믹,,빈대+팬데믹,75,상위 30%
KN2024-0106,326,2024,혼성,"¶암호 화폐 커뮤니티에서는 매일 출석 체크만으로 혜택을 받는 정책을 두고 [MASK]이라는 조롱과 함께, 사용자의 무분별한 참여 유도로 이어진다는 비판도 제기되고 있다.",21,"가상 자산 거래소 ‘빗썸’에서 출석 체크나 단순 활동만으로 보상을 받는 사용자를, 별다른 노력 없이 안정적으로 수익을 얻는다는 점에서 공무원에 빗대어 이르는 말. 이러한 표현은 주로 온라인 커뮤니티에서 투자 행위보다는 보상 중심의 구조를 풍자하고 조롱하는 의미로 사용된다.",〔경제생활〕,빗무원,빗썸 공무원,,빗썸+공무원,2,
KN2024-0108,327,2024,축약,¶요즘 젊은 의사들 사이에서는 높은 노동 강도와 낮은 보상이 반복되면서 [MASK]라는 표현이 유행하고 있다.,14,"‘빨리 벌고 이 나라를 튄다’를 줄여 이르는 말로, 한국 사회의 노동 환경과 제도적 한계 속에서 젊은 전문직 종사자들이 단기간에 소득을 올린 뒤 해외로 떠나려는 태도를 풍자적으로 이르는 말.",〔경제생활〕,빨벌튀,헬조선 탈출,,빨리+벌다+튀다,1,
KN2024-0112,328,2024,축약,"¶이번 총선 참패의 원인을 철저하게 분석하여 [MASK]의 한계를 벗고, 세대 차원에서도 제대로 된 전략을 보여 줘야 한다.",17,‘사십 대를 포기한 정당’을 줄여 이르는 말. 40대 유권자층의 지지를 받지 못하는 정당을 이르는 말이다.,〔정치와 행정〕,사포당,국민 정당,,사십대+포기하다+정당,47,상위 30%
KN2024-0114,329,2024,축약,"¶투자자들이 [MASK]의 수혜 업종을 찾기 시작하면서 인공 지능 및 로봇, 자율 주행 등 관련주들의 주가가 큰 폭으로 상승하였다.",18,‘삼성이 쏘아 올린 공’을 줄여 이르는 말. 삼성 그룹의 미래 사업과 관련하여 상승세를 타는 주식 종목을 의미한다.,〔경제생활〕,삼쏘공,삼성,,삼성+쏘아올리다+공,2,
KN2024-0115,330,2024,축약,¶외국인 투자자의 순매수가 많아지면서 삼성 전자의 주식 가격만 상승하자 주식 시장에서는 [MASK]라는 말이 나오고 있다.,15,"‘삼성 전자의 주가만 오르는 더러운 세상’을 줄여 이르는 말. 삼성 전자의 주식은 상승하지만, 코스피나 다른 주식의 상황은 좋지 않음을 의미한다.",〔경제생활〕,삼오더,주식 폭등,,삼성전자+오르다+더럽다,2,
KN2024-0116,331,2024,축약,"¶한ㆍ중ㆍ일 3국의 수도인 베이징, 서울, 도쿄를 잇는 베세토 노선과 같이 3국의 경제 중심지인 상하이-서울-오사카를 잇는 [MASK] 비즈니스 셔틀 노선이 국가 간 교류 활성화의 매개 역할을 담당할 것이다.",27,"한국, 중국, 일본이 중심이 된 동북아시아의 경제권을 가리키는 말. 3개 나라의 주요 도시인 상하이, 서울, 오사카의 영문 앞 글자를 따서 만든 말이다.",〔경제생활〕,상세오,국제선,,상하이+서울+오사카,34,
KN2024-0121,332,2024,축약,¶일인 가구의 급증으로 서울 오피스텔의 월세가 역대 최고 수준을 기록함에 따라 [MASK]의 월세 부담이 증가하고 있다.,16,‘서울 오피스텔에 거주하는 남자’를 줄여 이르는 말.,〔인간〕,서오남,서울 시민,,서울+오피스텔+남자,188,상위 30%
KN2024-0122,333,2024,축약,¶이번 인사이동에서 승진 발령을 통해 보직이 변경된 O 차장과 O 원장의 공통점은 [MASK]라는 점이다.,14,‘서울대 출신의 오십 대 여자’를 줄여 이르는 말.,〔인간〕,서오녀,스카이,,서울대+오십대+여자,2,
KN2024-0123,334,2024,축약,¶서울 오피스텔의 월세가 급등함에 따라 과도한 월세의 부담 때문에 월급이 통장을 스쳐 지나가는 [MASK]의 수가 증가하고 있다.,17,‘서울 오피스텔에 거주하는 여자’를 줄여 이르는 말.,〔인간〕,서오녀,서울 시민,,서울+오피스텔+여자,2,
KN2024-0132,335,2024,혼성,¶경찰은 “길가에 걸린 [MASK]를 불태우고 옴.”이라는 게시물을 올린 작성자를 추적 중이다.,11,태극기를 비하하여 이르는 말. 조선인을 뜻하는 일본어 ‘조센징’과 ‘태극기’를 결합하여 만든 말이다. 차별 및 비하하는 의미가 포함되어 있으므로 사용에 주의가 필요하다.,〔사회생활〕,센극기,태극기,,조센징+태극기,17,
KN2024-0136,336,2024,축약,¶수도권 한 인사는 [MASK]으로 총선을 어떻게 이기겠다는 건지 모르겠다며 한숨을 쉬었다.,11,‘수도권을 포기한 정당’을 줄여 이르는 말. 수도권 지역 유권자층의 지지를 받지 못하는 정당을 이르는 말이다.,〔정치와 행정〕,수포당,위성 정당,,수도권+포기하다+정당,89,상위 30%
KN2024-0141,337,2024,혼성,"¶이용자들 사이에서는 각종 신조어를 만드는 것이 놀이처럼 번지고 있는데, [MASK]와 스하는 인사말로 쓰이고 있다.",14,소셜 네트워크 서비스 중 하나인 ‘스레드(Threads)’에서 ‘고맙다’는 의미로 쓰는 말.,〔사회생활〕,스리가또,하이루,,스레드+아리가또,2,
KN2024-0144,338,2024,혼성,¶정통 스키 스포츠 브랜드인 OO가 올 겨울 트렌드인 [MASK]를 반영하여 어떤 기상 조건에서도 적응할 수 있는 새로운 컬렉션을 출시했다.,19,"추운 날씨가 지속되면서, 스키장에서뿐만 아니라 일상생활에서도 입을 수 있는 스키웨어를 착용하는 패션 스타일.",〔의생활〕,스키코어,발레코어,,스키+놈코어,74,상위 30%
KN2024-0147,339,2024,축약,"¶가족의 달을 맞아, OO카드는 OO투어와 협력하여, 조부모와 손주가 함께 떠나는 [MASK] 투어를 진행한다고 밝혔다.",14,"바쁜 부모 세대는 건너뛰고, 조부모와 손주가 여행, 공연 관람 등을 함께 하는 세대.",〔인간〕,스킵젠,낀 세대,,스킵+제너레이션,4,
KN2024-0149,340,2024,혼성,"¶이번 이벤트는 [MASK]의 목표 달성률에 따라 게임에서 사용할 수 있는 게임 아이템이 지급되며, 참가자들은 추첨을 통해 다양한 선물을 받을 수 있다.",21,소셜 네트워크 서비스 중 하나인 스레드에서 친구 추가를 요청하는 말. ⇒규범 표기는 ‘스폴로미’이다.,〔사회생활〕,스팔로미,팔로우,,스레드+팔로미,12,
KN2024-0150,341,2024,축약,¶그는 지난주 집회 영상과 함께 스레드에 업로드된 집회 참여를 인증하는 글에 [MASK]으로 답글을 달았다고 하였다.,15,‘스레드 팔로우 완료’를 줄여 이르는 말. 소셜 네트워크 서비스 중 하나인 스레드에서 특정 이용자의 게시물을 지속적으로 볼 수 있도록 구독하는 것을 의미한다. ⇒규범 표기는 ‘스폴완’이다.,〔사회생활〕,스팔완,스팔취,,스레드+팔로우+완료,3,
KN2024-0152,342,2024,혼성,¶자신이 꾸미거나 머무는 공간을 활용하여 취향과 개성을 드러내는 [MASK]가 최근 주목을 받게 되면서 주거 공간의 모습이 변화하고 있다.,18,자신이 머무르는 공간을 통해서 드러나는 개의 정체성. 공간을 뜻하는 ‘스페이스’와 정체성을 뜻하는 ‘아이덴티티’를 결합하여 만든 말이다.,〔인간〕,스페이스덴티티,개취,,스페이스+아이덴티티,4,
KN2024-0155,343,2024,축약,¶이 책에서는 [MASK]을 위한 업무 글쓰기의 핵심 및 보고서 작성 요령 등을 제시하고 있다.,14,‘슬기로운 직장 생활’을 줄여 이르는 말. 직장 내에서 지혜롭고 현명하게 업무와 인간관계를 조화롭게 유지하는 생활 태도를 이른다.,〔사회생활〕,슬직생,워라밸,,슬기롭다+직장+생활,15,
KN2024-0157,344,2024,혼성,"¶식후에 바로 과일을 먹으면 혈당을 급격하게 올려 당뇨의 위험이 높아지게 되며, 설탕을 바른 과일의 경우 그 위험이 더욱 높아지므로 [MASK]은 경계해야 한다.",22,밥을 먹은 직후에 탕후루를 먹는 일. 또는 그렇게 먹는 탕후루.,〔식생활〕,식후탕,혈당 스파이크,,식후+탕후루,42,상위 30%
KN2024-0160,345,2024,혼성,"¶가전제품에서부터 간편식이나 세탁 서비스 등에 이르기까지 고객의 요구에 부합하면서 이윤을 창출하려는 기업들의 움직임이 분주한데, 이는 [MASK]가 의식주 전반에서 영향을 주기 시작한 것으로 해석된다.",23,구성원이 한 명인 가구가 증가하면서 생기는 경제적 가치.,〔경제생활〕,싱글노믹스,일인 가구,,싱글+이코노믹스,9,
KN2024-0161,346,2024,혼성,¶그는 재건축이 이루어지면 시세 차익을 얻을 수 있다는 생각으로 대출까지 받아서 [MASK]를 구매했다고 하였다.,14,오래되어 낡은 아파트를 썩은 상태에 빗대어 이르는 말.,〔주생활〕,썩파트,구축 아파트,,썩다+아파트,1,
KN2024-0162,347,2024,축약,"¶북한이 [MASK]에 바탕을 두고 있지만, 자국의 이익을 위해서는 언제든 행보를 달리할 수 있을 것이라는 해석이 나오고 있다.",17,"안보는 러시아와, 경제는 중국과 협력하는 것을 이르는 말. 북한이 러시아와의 군사 협력을 강화하고, 중국과의 경제 협력을 중시하는 전략을 의미한다.",〔정치와 행정〕,안러경중,통미봉남,,안보+러시아+경제+중국,18,
KN2024-0166,348,2024,혼성,¶최근 업계에서는 이 커머스 업체인 [MASK]의 국내 공습으로 인해 국내 업체들의 수익성에 위기 경보가 감지된다는 반응이 나오고 있다.,18,중국의 온라인 쇼핑 업체 ‘알리익스프레스’와 ‘테무’를 아울러 이르는 말.,〔경제생활〕,알테무,티메프,,알리익스프레스+테무,22,
KN2024-0167,349,2024,축약,"¶이들 업체들은 [MASK]로 불리며 수수료 제로 정책과 막대한 자금력을 투입한 광고로 판매자들을 확보하고 있지만, 국내 업체가 부담해야 하는 관세에서는 자유로워 역차별이라는 논란이 제기되기도 한다.",24,"중국의 온라인 쇼핑 업체 ‘알리익스프레스, 테무, 쉬인’을 아울러 이르는 말. 각 기업의 앞 글자를 따 만들어진 말이다.",〔경제생활〕,알테쉬,네카라쿠배,,알리익스프레스+테무+쉬인,888,상위 30%
KN2024-0168,350,2024,축약,¶중국의 이 커머스 기업들이 국내에서 가파른 성장세를 보이면서 [MASK]의 공세에 대한 우려가 커지고 있다.,14,"중국의 온라인 쇼핑 업체 ‘알리익스프레스, 테무, 쉬인, 틱톡샵’을 아울러 이르는 말. 각 기업의 앞 글자를 따 만들어진 말이다.",〔경제생활〕,알테쉬톡,당토직야,,알리익스프레스+테무+쉬인+틱톡샵,10,
KN2024-0173,351,2024,축약,"¶정권을 비판하면 편파 언론이라는 프레임을 씌우고, 수시로 언론사와 언론인을 고발하는 등 [MASK]이 일상화되고 있다.",14,‘언론을 틀어막다’를 줄여 이르는 말. 정부나 권력을 가진 사람이 언론의 보도를 막는 일을 이르는 말이다.,〔정치와 행정〕,언틀막,언론 통제,,언론+틀어막다,20,
KN2024-0189,352,2024,축약,¶전반적인 수능 최저 학력 기준도 완화되어 인문 계열은 상대적으로 등급의 확보가 쉬운 [MASK]의 조합으로도 최저 기준의 충족이 가능해졌다.,18,"‘영어’와 ‘사회 탐구 영역’, ‘과학 탐구 영역’을 줄여 이르는 말. 대학 수학 능력 시험의 주요 5과목 중 국어와 수학을 제외한 3과목을 의미한다.",〔교육〕,영탐탐,국영수,,영어+사회탐구영역+과학탐구영역,2,
KN2024-0190,353,2024,축약,"¶[MASK] 15일 상품은 서유럽 핵심 도시인 런던, 파리, 인터라켄, 베네치아 등을 인솔자와 함께 여행하는 것으로 고객 만족도가 매우 높다.",19,"유럽의 여행지로 인기를 끌고 있는 서유럽 4개국을 이르는 말. 영국, 프랑스, 스위스, 이탈리아의 앞 글자를 따서 만든 말이다.",〔삶〕,영프스이,유럽 연합,,영국+프랑스+스위스+이탈리아,1,
KN2024-0200,354,2024,축약,¶연초부터 국내외 유명한 시상식에서 수상을 이어가며 작년에 이어 올해 상반기에도 [MASK]가 계속되고 있다.,13,‘온 세상이 뉴진스’를 줄여 이르는 말. 아이돌 그룹인 뉴진스가 국내뿐만 아니라 해외에서도 인기를 얻게 되면서 생겨난 말이다.,〔문화〕,온세뉴,한류 열풍,,온+세상+뉴진스,13,
KN2024-0212,355,2024,혼성,"¶다양한 행사들뿐만 아니라, 소규모 신생 기업 관계자들이 하루 동안 한곳에 모여 함께 일하며 네트워킹을 하는 [MASK]도 진행되었다.",17,업무를 기반으로 소통하고 교류하면서 기관이나 개인 등이 형성하는 네트워크.,〔정보·기술〕,워크넥트,시민 네트워크,,워크+네트워크,54,상위 30%
KN2024-0218,356,2024,혼성,"¶영화 그랜드 부다페스트 호텔은 화면 전체를 가득 채우는 대칭적 구도와 파스텔톤 색감, 그리고 세밀하게 배치된 소품까지 어우러져 대표적인 [MASK] 사례로 꼽힌다.",21,영화감독 ‘웨스 앤더슨’만의 특징적인 화면 구조와 색채 등을 이르는 말. ‘웨스 앤더슨’과 ‘미장센’을 결합한 말이다.,〔문화〕,웨장센,미장센,,웨스앤더슨+미장센,2,
KN2024-0228,357,2024,축약,¶최근 공개된 입시 기관의 분석 자료에 따르면 [MASK]라고 불리는 대학군의 합격선이 전년도보다 소폭 상승한 것으로 나타났다.,16,"‘을지 대학교, 평택 대학교, 성공회 대학교, 대진 대학교’를 아울러 이르는 말. 각 학교명의 첫 글자를 조합해 만든 말이다.",〔교육〕,을평성대,명문대,,을지대학교+평택대학교+성공회대학교+대진대학교,1,
KN2024-0229,358,2024,혼성,¶전공의들은 외래 진료와 수술에 더해 야간 당직까지 이어지는 일정 속에서 스스로를 [MASK]라고 표현하기도 한다.,14,"장시간의 외래 진료와 수술, 야간이나 휴일 당직 근무 등 과중한 업무에 어려움을 겪는 의사를 비유적으로 이르는 말. ‘의사’와 ‘노예’를 결합해 만든 말이다. 차별 및 비하하는 의미가 포함되어 있으므로 사용에 주의가 필요하다.",〔인간〕,의노예,의새,,의사+노예,2,
KN2024-0230,359,2024,혼성,¶일부 온라인 커뮤니티에서는 집단 행동에 참여한 의사들을 [MASK]라고 부르며 비판했다.,10,"‘의사’와 팔레스타인 무장 단체 ‘하마스’를 결합해 만든 말로, 의사를 비하하여 이르는 말. 정부의 의대 정원 확대 정책 등에 반대해 집단 진료 거부나 사직, 응급 의료 중단 등의 강경한 집단 행동을 벌이는 일부 의사들을 하마스에 빗대어 비판적으로 이르는 말이다. 차별 및 비하하는 의미가 포함되어 있으므로 사용에 주의가 필요하다.",〔인간〕,의마스,의피아,,의사+하마스,43,상위 30%
KN2024-0232,360,2024,혼성,"¶의사가 환자를 인질로 삼아 정부와 투쟁을 벌인다고 생각하고 있는 사람들은, 의사들을 [MASK]이나 의마스라고 욕하기를 주저하지 않는다.",16,"‘의사’와 성범죄자 ‘조주빈’을 결합하여 만든 말로, 의사를 비하하여 이르는 말. 차별 및 비하하는 의미가 포함되어 있으므로 사용에 주의가 필요하다.",〔인간〕,의주빈,의새,,의사+조주빈,53,상위 30%
KN2024-0233,361,2024,축약,¶지방 의과 대학의 정원 확대 소식이 전해지자 [MASK]을 둔 학부모들의 상담 문의가 학원가를 중심으로 크게 늘고 있다.,17,‘의과 대학 입학 준비생’을 줄여 이르는 말.,〔교육〕,의준생,취준생,,의과대학+준비생,2,
KN2024-0234,362,2024,혼성,"¶과거에는 이공계를 선택하는 수재들이 많았지만, 이제는 모두 의과 대학만 지원해 [MASK]이라는 말까지 나온다.",13,의사가 되는 것을 다른 진로보다 압도적으로 중시하는 대한민국의 사회적 풍조를 비판적으로 이르는 말.,〔사회생활〕,의한민국,의사 공화국,,의사+대한민국,4,
KN2024-0238,363,2024,축약,¶시사 토론에서는 이른바 [MASK]를 둘러싼 의혹 제기와 반박이 치열하게 오갔다.,10,"‘이태원 참사, 채 상병 사망 사건, 양평 서울 간 고속 도로 노선 변경 의혹, 명품 가방 수수 의혹, 주가 조작 의혹’을 아울러 이르는 말. 특정 시기의 정치·사회적 담론에서 반복적으로 언급된 여러 사건을 한데 묶어 지칭하는 표현이다.",〔사회생활〕,이채양명주,대형 참사,,이태원참사+채상병사망사건+양평서울간고속도로노선변경의혹+명품가방수수의혹+주가조작의혹,793,상위 30%
KN2024-0248,364,2024,혼성,¶한 연예인은 자신의 계정을 [MASK]이 아니라 평범한 일상 공유의 공간으로 만들고 싶다고 말했다.,13,"외모나 재력, 생활 방식 등을 자랑하기 위한 누리 소통망 서비스(SNS). 또는 그러한 게시물.",〔사회생활〕,자랑질그램,자랑스타그램,,자랑질+인스타그램,1,
KN2024-0250,365,2024,축약,¶요즘 영화 시청자들은 슈퍼히어로보다 [MASK] 캐릭터를 더 선호한다.,8,‘작고 먼지처럼 귀여움’을 줄여 이르는 말.,〔인간〕,작먼귀,악역,,작다+먼지+귀엽다,1,
KN2024-0253,366,2024,혼성,¶그녀는 주식으로 번 돈을 재투자하면서도 자신을 위한 새 명품 가방을 구매하는 [MASK]를 실천하고 있다.,14,"주식, 펀드, 암호 화폐 투자 등을 통해 미래를 위한 자산 관리를 하면서 명품 의류 구입이나 해외여행 등 현재의 가치와 만족 또한 중시하는 생활 방식. 투자 활동을 의미하는 ‘재테크(財tech)’와 과시적 소비를 뜻하는 ‘플렉스(flex)’를 결합하여 만든 말이다.",〔삶〕,재렉스,명품 소비,,재테크+플렉스,3,
KN2024-0259,367,2024,축약,¶수직적인 조직 문화에 적응하지 못해 공직을 떠나는 [MASK]들이 늘고 있다.,10,‘젊은 공무원’을 줄여 이르는 말.,〔정치와 행정〕,젊공,신입 공무원,,젊다+공무원,8,
KN2024-0274,368,2024,혼성,"¶언론은 한 국회 의원이 본회의에서 일본을 규탄한 뒤, 사적으로는 일본 음식을 검색한 모순적 행동을 [MASK]라고 비꼬았다.",16,"정치적으로는 반일을 외치면서 실제로는 일본 여행이나 음식 등을 즐기는 모습을 풍자적으로 이르는 말. 낮에는 죽창가를 부르고, 밤에는 스시를 먹는다는 뜻에서 나온 표현이다.",〔정치와 행정〕,주죽야스,샤이 예스 재팬,,주+죽창가+야+스시,28,
KN2024-0281,369,2024,축약,¶온라인 게시판에는 [MASK]을 강조하며 보수 결집을 주장하는 글이 게시되었다.,9,"‘지역구 의원은 국민의 힘 후보에, 비례 대표 의원은 국민의 미래 후보에 투표’를 줄여 이르는 말. 2024년 4월 10일에 실시된 대한민국 제22대 국회 의원 선거에서 나온 표현이다.",〔정치와 행정〕,지국비국,이념적 순수성,,지역구의원+국민의힘+비례대표의원+국민의미래,26,
KN2024-0282,370,2024,축약,¶보수 성향 지역에서도 [MASK]가 나타난 것으로 분석되었다.,7,"‘지역구 의원은 국민의 힘 후보에, 비례 대표 의원은 조국 혁신당 후보에 투표’를 줄여 이르는 말. 2024년 4월 10일에 실시된 대한민국 제22대 국회 의원 선거에서 나온 표현이다.",〔정치와 행정〕,지국비조,표 이탈 사고,,지역구의원+국민의힘+비례대표의원+조국혁신당,96,상위 30%
KN2024-0283,371,2024,축약,¶일부 유권자는 선택할 만한 지역구 후보가 없다는 이유로 [MASK]의 방식으로 투표했다.,11,"‘지역구 의원 투표는 기권하고, 비례 대표 의원 투표는 소신대로 함’을 줄여 이르는 말. 2024년 4월 10일에 실시된 대한민국 제22대 국회 의원 선거에서 나온 표현이다.",〔정치와 행정〕,지기비소,무효표,,지역구의원투표+기권+비례대표의원투표+소신,2,
KN2024-0284,372,2024,축약,¶선거를 앞두고 야권 진영에서는 [MASK]을 선택해 교차 투표 대신 결집을 택해야 한다는 목소리가 나왔다.,14,"‘지역구 의원은 더불어민주당 후보에, 비례 대표 의원은 더불어민주연합 후보에 투표’를 줄여 이르는 말. 2024년 4월 10일에 실시된 대한민국 제22대 국회 의원 선거에서 나온 표현이다.",〔정치와 행정〕,지민비민,후보 단일화,,지역구의원+더불어민주당+비례대표의원+더불어민주연합,28,
KN2024-0285,373,2024,축약,¶언론 보도는 [MASK]이 진보 지지층의 표심이 갈라진 양상을 보여준다고 전했다.,10,"‘지역구 의원은 더불어민주당 후보에, 비례 대표 의원은 정의당 후보에 투표’를 줄여 이르는 말. 2024년 4월 10일에 실시된 대한민국 제22대 국회 의원 선거에서 나온 표현이다.",〔정치와 행정〕,지민비정,세대 갈등,,지역구의원+더불어민주당+비례대표의원+정의당,9,
KN2024-0286,374,2024,축약,¶선거 현장에서는 [MASK]가 전략적 선택으로 거론되었다.,6,"‘지역구 의원은 더불어민주당 후보에, 비례 대표 의원은 조국혁신당 후보에 투표’를 줄여 이르는 말. 2024년 4월 10일에 실시된 대한민국 제22대 국회 의원 선거에서 나온 표현이다.",〔정치와 행정〕,지민비조,교차 투표,,지역구의원+더불어민주당+비례대표의원+조국혁신당,1664,상위 30%
KN2024-0290,375,2024,축약,¶정치 평론가는 [MASK]가 거대 양상 중심의 구조 속에서 유권자의 소신을 반영하는 방법이 될 수 있다고 설명했다.,16,"‘지역구 의원은 차선 또는 차악에 투표하고, 비례 대표 의원 투표는 소신대로 함’을 줄여 이르는 말. 2024년 4월 10일에 실시된 대한민국 제22대 국회 의원 선거에서 나온 표현이다.",〔정치와 행정〕,지차비소,비례대표제,,지역구의원+차선+비례대표의원투표+소신,2,
KN2024-0292,376,2024,혼성,¶한 먹방 크리에이터가 [MASK]으로 국수 한 그릇을 통째로 들어 올리자 시청자들이 놀랍다는 반응을 보였다.,14,집게와 젓가락의 기능을 결합한 기구. 주로 긴 면이나 작은 반찬 등을 집을 때 사용한다.,〔식생활〕,집가락,면치기,,집게+젓가락,5,
KN2024-0295,377,2024,혼성,¶그는 부산 출신이라고 우겼지만 [MASK]를 쓰다 곧 부산 사람이 아님이 들통났다.,11,실제 사투리 화자가 아닌 사람이 따라하거나 흉내 낸 사투리.,〔사회생활〕,짭투리,표준어,,짭+사투리,2,
KN2024-0307,378,2024,축약,¶그는 [MASK]를 낮추면서 볼넷을 늘려 팀이 경기를 풀어가는 데 중요한 역할을 했다.,12,"야구에서, 타자가 스트라이크 존 바깥의 공에 스윙한 비율.",〔개념〕,체이스퍼,헛스윙 비율,,체이스+퍼센트,2,
KN2024-0315,379,2024,축약,¶일부 기자들은 이번 사건을 입틀막을 넘어선 [MASK]이라며 언론 자유를 정면으로 위협하는 행태라고 비판했다.,13,‘칼로 틀어막다’를 줄여 이르는 말. 위협적인 언행으로 다른 사람의 비판이나 의견 표출을 억압하는 일을 비유적으로 이르는 말이다.,〔사회생활〕,칼틀막,언틀막,,칼+틀어막다,502,상위 30%
KN2024-0318,380,2024,혼성,¶경포 호수 광장에선 [MASK]이 운영되어 여행객들이 잔디밭에서 커피와 함께 아름다운 경포호를 보며 가을밤을 즐겼다.,14,야외에서 커피를 마시며 여유를 즐기는 일.,〔삶〕,커피크닉,야외 카페,,커피+피크닉,16,
KN2024-0319,381,2024,혼성,¶환경과 건강에 높은 관심을 가진 [MASK]가 소비 트렌드를 주도하면서 비건 제품 시장이 확대되고 있다.,14,"환경, 건강, 윤리 등의 자신이 중요하게 생각하는 가치에 따라 물건을 구매하는 소비자.",〔경제생활〕,컨셔슈머,환경 애호가,,컨셔스+컨슈머,36,
KN2024-0326,382,2024,혼성,"¶O 씨는 [MASK] 식당을 운영하면서, 성동구에 거주하는 6살 이하 아이를 동반하는 가족에게는 할인 혜택을 제공한다.",15,"아동과 가족의 방문을 환영하는 식당 및 카페. 아동 친화적인 외식 문화를 지원하기 위해 서울 성동구에서 만든 ‘아이사랑 맛집’ 인증 제도로, ‘미슐랭(Michelin)’과 ‘키즈(kids)’를 결합하여 만든 말이다.",〔식생활〕,키슐랭,아이 동반,,키즈+미슐랭,11,
KN2024-0328,383,2024,혼성,¶커뮤니티에는 공무직의 처우가 좋은 것에 비해 업무 강도가 낮은 것 때문에 [MASK]이나 갓무직이라고 칭하며 노골적으로 비판하는 글이 자주 올라온다.,19,직업 안정성이 높고 급여나 복지 등의 처우가 좋은 공무직 또는 대기업 사무직을 비유적으로 이르는 말. 왕을 의미하는 ‘킹(king)’과 ‘사무직(事務職)’을 결합하여 만든 말이다.,〔사회생활〕,킹무직,철밥통,,킹+사무직,2,
KN2024-0334,384,2024,축약,¶미국에서 유행하던 [MASK]가 유명 유튜버를 통해 국내에 전해지면서 [MASK]에 대한 젊은 층의 관심이 높아지고 있다.,15,"‘텀블러 꾸미기’를 줄여 이르는 말. 다양한 색의 스티커, 키링, 스트랩 등을 이용해 텀블러를 꾸미는 행위를 말한다.",〔삶〕,텀꾸,숏폼 챌린지,,텀블러+꾸미다,49,상위 30%
KN2024-0340,385,2024,축약,¶노동으로 생각하면 하기 싫은 일을 [MASK]로 생각하면 할 수 있다는 사고의 전환은 꾸미기의 본질은 즐겁다는 시대적 합의를 바탕으로 한다.,19,‘통장 꾸미기’를 줄여 이르는 말. 돈을 열심히 벌어 통장에 모으는 행위를 말한다.,〔경제생활〕,통꾸,놀이,,통장+꾸미다,2,
KN2024-0345,386,2024,혼성,¶이젠 전 세계가 영화 파묘에 파묘들 시간이다.,7,24년 2월에 개봉한 영화인 ‘파묘’의 매력에 빠지다. ‘파묘’와 ‘스며들다’를 결합하여 만든 말이다.,〔사회생활〕,파묘들다,감동할,,파묘+스며들다,5,
KN2024-0346,387,2024,축약,"¶이 대변인은 대파 가격으로 국민 눈을 속이려고 해도 좋지만, 선관위까지 [MASK]을 해서야 되겠냐고 했다.",14,"‘파를 가지고 오는 것을 틀어막다’를 줄여 이르는 말. 제22대 국회의원 선거 투표장에 대파를 반입할 수 없게 선관위에서 금지한 일로, 제20대 대통령 윤석열이 대파의 가격을 시장가보다 매우 낮게 발언한 것에 반발한 유권자들이 투표장에 대파를 들고 간 것에서 비롯되었다.",〔사회생활〕,파틀막,선거운동,,파+틀어막다,484,상위 30%
KN2024-0347,388,2024,축약,¶OO이 코스피200 지수에 편입될 가능성이 커지면서 [MASK] 대열에 합류했다는 평가가 나온다.,11,‘패시브가 낳은 괴물’을 줄여 이르는 말. 패시브 펀드의 매수 흐름이 과열되어 실제 종목의 가치와 괴리가 발생하는 종목을 비유적으로 일컫는다.,〔경제생활〕,패낳괴,우량주,,패시브+낳다+괴물,22,
KN2024-0354,389,2024,축약,¶OO 원내 대표도 이날 특검법 재의결이 하루 앞으로 다가왔다고 말하며 이번에는 [MASK]이냐고 지적했다.,13,‘표를 틀어막다’를 줄여 이르는 말. 법안을 부결시키기 위해서 당에 소속된 국회의원들의 투표권을 행사하지 못하게 압박을 넣는 행위를 이르는 말이다.,〔정치와 행정〕,표틀막,또부권,,표+틀어막다,76,상위 30%
KN2024-0372,390,2024,축약,"¶[MASK]으로 불리는 한국사 능력 검정 시험, 토익, 컴퓨터 활용 능력 등은 인문 계열 취업 준비생에게 필수 코스로 여겨진다.",18,"취업에서 요구되는 ‘한국사 능력 검정 시험’, ‘토익’, ‘컴퓨터 활용 능력 시험’ 셋을 아울러 이르는 말.",〔사회생활〕,한토컴,3대 필수 자격증,,한국사능력검정시험+토익+컴퓨터활용능력시험,1,
KN2024-0374,391,2024,혼성,¶맵부심을 부릴 수 있는 핫끈한 K-소스의 수출액이 역대 최대치를 기록했다.,10,맵고 뜨거운 음식을 먹어 몸이 달아오르는 느낌이 있다. 영어 단어 ‘핫(hot)’과 ‘화끈하다’가 결합한 말이다.,〔인간〕,핫끈하다,맵다,,핫+화끈하다,0,
KN2024-0387,392,2024,혼성,¶최근에는 현대차와 기아차를 막연하게 비난하는 이들을 뜻하는 [MASK]라는 비속어가 생길 정도다.,11,현대 자동차와 기아 자동차에 대해 맹목적이고 비합리적으로 비난하는 사람.,〔인간〕,현기까,억까,,현대자동차+기아자동차+까다,2,
KN2024-0391,393,2024,축약,¶[MASK]으로 묶이는 네 개의 대학은 특성화 분야의 차별성을 통해 고등 교육과 산업 현장의 연계를 강화하고 있다는 점에서 주목된다.,18,"‘협성 대학교, 수원 대학교, 용인 대학교, 강남 대학교’를 아울러 이르는 말. 각 학교명의 첫 글자를 조합해 만든 말이다.",〔교육〕,협수용강,스카이,,협성대학교+수원대학교+용인대학교+강남대학교,1,
KN2024-0392,394,2024,축약,¶최근 정치권은 [MASK]이 새로운 기준이 되고 있다.,7,‘협치를 틀어막다’를 줄여 이르는 말. 여야가 정치적으로 협력하지 않는 상황을 이르는 말이다.,〔정치와 행정〕,협틀막,입틀막,,협치+틀어막다,1,
KN2024-0404,395,2024,축약,¶[MASK]로 일컬어지는 시장 경제 원칙에 따라서 리셀러들이 고가로 되팔이를 하는 것이 당연하다는 의견도 있다.,14,‘흔하면 싸고 귀하면 비싸다’를 줄여 이르는 말.,〔경제생활〕,흔싸귀비,수요 공급의 법칙,,흔하다+싸다+귀하다+비싸다,3,
KN2024-0406,396,2024,혼성,¶마케팅 전문가는 임영웅 신드롬이 [MASK]라는 용어를 만들어낼 만큼 우리 사회 각 분야에 큰 영향을 미치고 있다고 말했다.,17,트로트 가수 임영웅으로 인해 파생되는 경제적 효과를 이르는 말. 임영웅의 이름 ‘영웅’을 영어로 표기한 ‘히어로’와 ‘노믹스’가 결합한 말이다.,〔경제생활〕,히어로노믹스,쉬어로,,히어로+이코노믹스,98,상위 30%
